-- phpMyAdmin SQL Dump
-- version 5.0.1
-- https://www.phpmyadmin.net/
--
-- Host: 127.0.0.1
-- Generation Time: Jan 09, 2021 at 12:28 PM
-- Server version: 10.4.11-MariaDB
-- PHP Version: 7.4.2

SET SQL_MODE = "NO_AUTO_VALUE_ON_ZERO";
SET AUTOCOMMIT = 0;
START TRANSACTION;
SET time_zone = "+00:00";


/*!40101 SET @OLD_CHARACTER_SET_CLIENT=@@CHARACTER_SET_CLIENT */;
/*!40101 SET @OLD_CHARACTER_SET_RESULTS=@@CHARACTER_SET_RESULTS */;
/*!40101 SET @OLD_COLLATION_CONNECTION=@@COLLATION_CONNECTION */;
/*!40101 SET NAMES utf8mb4 */;

--
-- Database: `ternakin`
--

-- --------------------------------------------------------

--
-- Table structure for table `tb_about_us`
--

CREATE TABLE `tb_about_us` (
  `id_about` tinyint(1) NOT NULL,
  `isi` text NOT NULL
) ENGINE=InnoDB DEFAULT CHARSET=utf8mb4;

--
-- Dumping data for table `tb_about_us`
--

INSERT INTO `tb_about_us` (`id_about`, `isi`) VALUES
(1, '<p>Lorem ipsum dolor sit amet, consectetur adipisicing elit, sed do eiusmod tempor incididunt ut labore et dolore magna aliqua. Ut enim ad minim veniam, quis nostrud exercitation ullamco laboris nisi ut aliquip ex ea commodo consequat. Duis aute irure dolor in reprehenderit in voluptate velit esse cillum dolore eu fugiat nulla pariatur. Excepteur sint occaecat cupidatat non proident, sunt in culpa qui officia deserunt mollit anim id est laborum.</p>\r\n');

-- --------------------------------------------------------

--
-- Table structure for table `tb_artikel`
--

CREATE TABLE `tb_artikel` (
  `id_artikel` int(11) NOT NULL,
  `judul` varchar(50) NOT NULL,
  `isi` text NOT NULL,
  `foto` text NOT NULL,
  `slug` text NOT NULL,
  `id_users` int(3) NOT NULL,
  `id_kategori` varchar(10) NOT NULL,
  `created_at` timestamp NOT NULL DEFAULT current_timestamp() ON UPDATE current_timestamp()
) ENGINE=InnoDB DEFAULT CHARSET=utf8mb4;

--
-- Dumping data for table `tb_artikel`
--

INSERT INTO `tb_artikel` (`id_artikel`, `judul`, `isi`, `foto`, `slug`, `id_users`, `id_kategori`, `created_at`) VALUES
(18, 'test judul dan slug', '<p style=\"margin-right: 0px; margin-bottom: 15px; margin-left: 0px; padding: 0px; text-align: justify; color: rgb(0, 0, 0); font-family: &quot;Open Sans&quot;, Arial, sans-serif; font-size: 14px;\">Lorem ipsum dolor sit amet, consectetur adipiscing elit. Vestibulum hendrerit ligula sed mauris semper, a fringilla lectus malesuada. Etiam porttitor nibh mi. Morbi lacinia mi nisl, in molestie neque dignissim ut. Sed sed leo vel leo lobortis gravida. Aliquam lobortis venenatis mauris sit amet hendrerit. Phasellus rhoncus tempor tristique. Maecenas vel urna molestie, pretium justo a, imperdiet mauris. Sed eget turpis vel nisi pharetra dictum. Nunc ultrices, velit in pharetra luctus, est lacus dictum magna, quis facilisis metus magna in sem. Proin hendrerit iaculis dictum. Praesent scelerisque lobortis est id consectetur. Aliquam at nisi nec nisi ultricies imperdiet. Praesent aliquam quam a fringilla pellentesque. Maecenas justo magna, interdum ut sem ac, ultrices condimentum urna. Fusce maximus purus vel leo pulvinar, et placerat orci hendrerit. Lorem ipsum dolor sit amet, consectetur adipiscing elit.</p><p style=\"margin-right: 0px; margin-bottom: 15px; margin-left: 0px; padding: 0px; text-align: justify; color: rgb(0, 0, 0); font-family: &quot;Open Sans&quot;, Arial, sans-serif; font-size: 14px;\">Morbi vitae commodo elit, id commodo velit. In hac habitasse platea dictumst. Proin elementum aliquet turpis, a viverra metus fermentum eget. Proin a mattis sem. Vivamus varius, orci vitae placerat dapibus, leo lorem suscipit nunc, vitae viverra erat risus nec libero. Donec eget risus ac nisi pretium congue. Phasellus nec convallis ligula. Cras sodales auctor quam quis auctor. Integer non elit elementum, laoreet nunc id, volutpat risus. Suspendisse tempus, nisi in porta posuere, magna urna molestie dolor, id faucibus nunc elit a massa. Etiam tempus orci ut velit luctus dictum.</p><p style=\"margin-right: 0px; margin-bottom: 15px; margin-left: 0px; padding: 0px; text-align: justify; color: rgb(0, 0, 0); font-family: &quot;Open Sans&quot;, Arial, sans-serif; font-size: 14px;\">Morbi id sodales neque. Interdum et malesuada fames ac ante ipsum primis in faucibus. Sed sed velit blandit, aliquet mauris quis, rutrum augue. Proin nisi quam, interdum et pharetra at, imperdiet nec dui. Suspendisse nec ultricies ipsum. Donec urna quam, pretium eget erat eu, facilisis volutpat justo. Duis semper rhoncus tristique. Etiam sapien dui, feugiat sed accumsan id, malesuada sed dolor. Aliquam id aliquet felis, eu euismod ipsum. Nam ultricies nunc eget auctor tincidunt.</p><p style=\"margin-right: 0px; margin-bottom: 15px; margin-left: 0px; padding: 0px; text-align: justify; color: rgb(0, 0, 0); font-family: &quot;Open Sans&quot;, Arial, sans-serif; font-size: 14px;\">Nam tempus velit eget imperdiet auctor. Proin tristique mattis cursus. Sed placerat iaculis erat non porta. Nunc non facilisis eros, id tristique sem. Proin at nunc tempus, faucibus erat mollis, viverra felis. Etiam dolor lorem, porta in imperdiet faucibus, suscipit a purus. Etiam non turpis non elit scelerisque dictum. Mauris et velit a nulla euismod auctor. Sed quis lectus hendrerit, luctus quam in, volutpat est.</p><p style=\"margin-right: 0px; margin-bottom: 15px; margin-left: 0px; padding: 0px; text-align: justify; color: rgb(0, 0, 0); font-family: &quot;Open Sans&quot;, Arial, sans-serif; font-size: 14px;\">Donec finibus lacus nec est laoreet scelerisque. Curabitur sed arcu sem. Nunc sollicitudin elit ut ipsum tempus lobortis. Vestibulum ante ipsum primis in faucibus orci luctus et ultrices posuere cubilia curae; Ut in diam et mi hendrerit tincidunt a vitae mauris. Proin luctus neque vitae arcu euismod, nec molestie enim fermentum. Ut vel tempus tortor. Nam nunc turpis, ultricies nec justo eget, fringilla tempus enim. Praesent ipsum sapien, commodo in odio in, posuere blandit justo. Cras interdum diam viverra molestie mollis. In velit purus, luctus vitae justo eu, dapibus aliquet enim. Vestibulum mollis leo ut arcu fringilla, non vehicula ante tempus. Sed aliquet libero leo, ornare convallis nibh pellentesque non. Vestibulum vestibulum sagittis nisi, eu venenatis felis maximus non. Pellentesque imperdiet ex dolor, sed finibus ex pulvinar pharetra. Aliquam est enim, mattis nec interdum sit amet, elementum id nisl.</p>', '1607563652.2303.jpg', '9bd57589d5515628cc75792505de4a8a', 7, '17,18', '2020-12-10 01:27:32');
INSERT INTO `tb_artikel` (`id_artikel`, `judul`, `isi`, `foto`, `slug`, `id_users`, `id_kategori`, `created_at`) VALUES
(19, 'test judul dan slugz', '<p style=\"margin-right: 0px; margin-bottom: 15px; margin-left: 0px; padding: 0px; text-align: justify; color: rgb(0, 0, 0); font-family: &quot;Open Sans&quot;, Arial, sans-serif; font-size: 14px;\">Lorem ipsum dolor sit amet, consectetur adipiscing elit. Vestibulum hendrerit ligula sed mauris semper, a fringilla lectus malesuada. Etiam porttitor nibh mi. Morbi lacinia mi nisl, in molestie neque dignissim ut. Sed sed leo vel leo lobortis gravida. Aliquam lobortis venenatis mauris sit amet hendrerit. Phasellus rhoncus tempor tristique. Maecenas vel urna molestie, pretium justo a, imperdiet mauris. Sed eget turpis vel nisi pharetra dictum. Nunc ultrices, velit in pharetra luctus, est lacus dictum magna, quis facilisis metus magna in sem. Proin hendrerit iaculis dictum. Praesent scelerisque lobortis est id consectetur. Aliquam at nisi nec nisi ultricies imperdiet. Praesent aliquam quam a fringilla pellentesque. Maecenas justo magna, interdum ut sem ac, ultrices condimentum urna. Fusce maximus purus vel leo pulvinar, et placerat orci hendrerit. Lorem ipsum dolor sit amet, consectetur adipiscing elit.</p><p style=\"text-align: center; margin-right: 0px; margin-bottom: 15px; margin-left: 0px; padding: 0px; color: rgb(0, 0, 0); font-family: &quot;Open Sans&quot;, Arial, sans-serif; font-size: 14px;\"><img src=\"data:image/jpeg;base64,/9j/4AAQSkZJRgABAQAAAQABAAD/2wCEAAQEBAQEBAQEBAQGBgUGBggHBwcHCAwJCQkJCQwTDA4MDA4MExEUEA8QFBEeFxUVFx4iHRsdIiolJSo0MjRERFwBBAQEBAQEBAQEBAYGBQYGCAcHBwcIDAkJCQkJDBMMDgwMDgwTERQQDxAUER4XFRUXHiIdGx0iKiUlKjQyNEREXP/CABEIAlgFRgMBIgACEQEDEQH/xAAdAAEAAQQDAQAAAAAAAAAAAAAABQMEBgcBAggJ/9oACAEBAAAAANjAAAAAAAAAAAAAAAAAAAAAAAAAAAAAAAAAAAAAAAAAAAAAAAAAAAAAAAAAAAAAAAAAAAAAAAAAAAAAAAAAAAAAAAAAAAAAAAAAAAAAAAAAAAAAAAAAAAAAAAAAAAAAAAAAAAAAAAAAAAAAAAAAAAAAAAAAAAAAAAAAAAAAAAAAAAAAAAAAAAAAAAAAAAAAAAAAAAAAAAAAAAAAAAAAAAAAAAAAAAAAAAAAAAAAAAAAAAAAAAAAAAAAAAAAAAAAAAAAAAAAAAAAAAAAAAAAAAAAAAAAAAAAAAAAAAAAAAAAAAAAAAAAAAAAAAAAAAAAAAAAAAAAAAAAAAAAAAAAAAAAAAAAAAAAAAAAAAAAAAAAAAAAAAAAAAAAAAAAAAAAAAAAAAAAAAAAAAAAAAAAAAAAAAAAAAAAAAAAAAAAAAAAAAAAAAAAAAAAAAAAAAAAAAAAAAAAAAAAAAAAAAAAAAAAAAAAAAAAAAAAAAAAAAAAAAAAAAAAAAAAAAAAAAAAAAAAAAAAAAAAAAAHTtOW3SvHUeS3wxlt8AAAAAAAAAAAAAAAAAAAAAAAAALTOcjW3TC9KbaRnibA2de7eQAAAAAAAAAAAAAAAAAAAAAAAAFhc7evuaVCN8mbgw/yLhZd/RK7AAAAFXIcsqQmM2lOnxwAAAAAAAAAAAAAAAAACy0RjOy9qxXk73Bse/4p81cI+eeERPJsX2LkVR34pQsjUADnvx245uevbc8r07VHTrRicBxWmAAAAAAAAAAAAAAAAAYP4zxolbez9u+mb27p1KsD8scYDvIfQnbde5r4t80sWv5a6vJXYewIvD4al7AlYvTcRYQ2jtx/S2jT6dq3FG1tL7EdYUgAAAAAAAAAAAAAAAAHiXWHI4bH957AmZO0tvJXiy2OXV6E96VLm7wf5XUQAueKDhzzx66+hVS2pUu3HSzpSdnq7DgAAAAAAAAAAAAAAAAHj7S4Hbef0KvpGNtPlnhlzau3PRtH6W9K9708XeReAAc8jjPvqTntapTi6/an1qVucQ1HGgAAAAAAAAAAAAAAAAWHmPRlobH3z5Cn/qTLSVCx+VuMdHASf1Em767v4X57aIAA5c8cb/8Ap3ed6vPiLSHtPdVS570ca13gwAAAAAAAAAAAAAAAABB6jtcn2vCfPjn3n6LuuNL/ADh46HHJU+l2f39/eQej/ngc+kfOlAAq5de/SHZE136VPH/z9lvWns7NFnjuKavAAAAAAAAAAAAAAAAAAYj4F59Je4ZWh4i8tuANre78xm6HeK8o+NS4+k/zUpgHPsz0Rnnzg+h+xLWhrL5T0q3ov6aUqehcRugAAAAAAAAAAAAAAAAAEV87+uxvozk9L5q6o4AzH3BsfM73EZG58U+UR798VYuAPZ3tDVvzKvPqzsW1t/Afle3lvs5f9teY7gwAAAAAAAAAAAAAAAAACl867HfPvCefM/VDgFx9F9wZLG4hOX/zh0eJfefnmmDk3f6dxPxDz7p9tcU4r5caklPsDP8AfCLLVIAAAAAAAAAAAAAAAAAB4Lwz1P7LlOPmhqk4Dn3z6ckISAmbv5kamHO6Z7zwcduOd6YBhXeT7xH0P9bcdO/lH552/wBes9x7T2d6xAAAAAAAAAAAAAAAAAAPI2kfcfpST6/PTQJwcufbnsDpaYbKyGhfn9Qcsj295+HJmFfB676o+FPZ3o3rxVwT5By32Bufmx7hh8RAAAAAAAAAAAAAAAAAANIeU/UlzgGa1vJJxyO3sv17WvdXTdpW+dWtOOWa3mvTlxyc57J/RzYVxc96lWn4y9VTeO/K36p6aiwAAAAAAAAAAAAAAAAADCPGNxv7OcN8+YkBy9Rezcjra3vom6014cti6yfDOXIZVkPtX0VfqfevcOKbtjfz2+huibcAAAAAAAAAAAAAAAAAAi/C/wBEMxmquofn5inA5PU3o7TGyM04vIzIfFXnRxx2rUOQTnrHG/ot3pRF1e1uevXv2513OaHAAAAAAAAAAAAAAAAAAFHV26tc5BJ1/PnlPhy5cb2lvO20d/5psSwkcO+dVLjjnOsF5BzvTTX2OyVB0r2vX61qrmFxvTgAAAAAAAAAAAAAAAAAASemfKeabIwTAsSDnnrt2BwO/udiezbytU8S6lseeOzjkc8+n5P3xL17TAl1P3V7W7x9HT2IgAAAAAAAAAAAAAAAAABZ6o0RgtDZerKPIc8VuOtXMZ313kdlrHx5P4tZuXDty543V9R7i7uaWGa2y7JZW+rd4qz8/UwAAAAAAAAAAAAAAAAAAjNZ+a8S7yMHx36jnjlze+/ry6tran4zwHrw556nYe3Pa/ejimCbBxqSy+5v+9SLxfTYAAAAAAAAAAAAAAAAAACLtYec8y4D1w+pKRdS371bbPfqxrq0wTPcWynUXl/XNB26ueXHO9fo1iXmjVO7N+7E7duLzvS74tpwAAAAAAAAAAAAAAAAAAAUbaP8r1YuY2Zs/FM0zm48ZaM+kW04TWc1JV7/AJ88eMbQAqfRqLmd9yXEfclOpayWPaYAAAAAAAAAAAAAAAAAAACDjtLQU5kdxkc3svZHTxp50+hGzMMsrTrec3lnpHz7h8Bbg2h7R3Xkdt26x19b3HHFOrbacsAAAAAAAAAAAAAAAAAAAAi9a6xn8whpbPM/yDKdT+NvorW1nZXuN0covetnA849j9tonE81zPa/qeb6dKXHS21vs7qc1MJ16AAAAAAAAAAAAAAAAAAADprfXuQdePRGo9pT99Kaw23aSdM4sL3lRq8Y9qeGqd859AU6VvS7dFpd4JnB3hdTgAAAAAAAAAAAAAAAAAAANY4LOb32z5G3/aTMjrnZ9+4OHDr05lL/AL4vDmx6VDDLuf6OOvWr15rRmngAAAAAAAAAAAAAAAAAAAHTRvq3LunewhbDFtbZ7ulS788CL4ynmtQ6d7WRu6FG0t7nhjGRcxkNmlWnqaFAAAAAAAAAAAAAAAAAAAAdtzdeZKyiozEdcY56mkXDjv04qyfFClS6W1OekbahriF2x1sdYbd5xaD2Ne9YvTvAAAAAAAAAAAAAAAAAAAAGVZ91kuttFRmNYHg+xt4xV9cU6vTvJdbS3i7ylx0npO1toa97dOcRsM8s6c5cdKOm7YAAAAAAAAAAAAAAAAAAADLs3ur62tYyOhMNwKJ9B2+wuzjm45jYPW89mdNxNTtjbUqNGl2xWPzvtcXVx2hNW9QAAAAAAAAAAAAAAAAAAAM2n8t72FhFx9piWA45n+a7H5UrxZ6Txi321LY9M3GRXmOT/PHWElr+r27du9SNiNXAAAAAAAAAAAAAAAAAAAAM5nsyl8XhYq3ow2uccmNu5ypYLqah2q3VXjm3s802nGY3nuRc9NVV5iEn5i871bbGdegAAAAAAAAAAAAAAAAAAAM2yXOb/CIGO54j9f4lV9CzzBLfEMHoVLiWrXnEDO7XgsezLO7DvEYVc4TBT2W5Xk9xiGvAAAAAAAAAAAAAAAAAAAAGYZVsWzwzH7avVjMIw6h6YvYzzRhktLX8rd13ajhV7talD5XnOLc4B1tbOSkusfeZRf4aAAAAAAAAAAAAAAAAAAAAyrKtjQmMQHFxXjcGxGO9G1NYYdbYtr+alp2UzK7ltVdJLK6U9sPBIa/sarnDMpja8vGdrrkAAAAAAAAAAAAAAAAAAAGQ5hnkPAQnW6uI/B8Pj/QXbQ0j1pxeOQ9hQyvZmd6bi5eRrSk/iFndyHfM7HWklNyGP3HfiSpAAAAAAAAAAAAAAAAAAABJZ7nUTBQ3S7uLHCsPid6VYrRkRxTyyy66tj852VBWcla31/G2VHmpYX81ETGZ2lXpeRt5WpgAAAAAAAAAAAAAAAAAADtsXYMTBRHW8rWWFYzA+hcb1dpTKtsa75yulT1zD5lH6qtcxzm5sb6XtKEXb0pPYWxdZXMnXuq9eNAAAAAAAAAAAAAAAAAAADP9kRMLEdLyvY47GY7sbXWM0uIDG89wrM7yb1hxIavwvbOdwFSUj5OJsqHe1rXWd0MxrVbLJ4sAAAAAAAAAAAAAAAAAAAM/2REQ0V0vLjvjUTaxmNUVtTxfFLqXyi7xnVUhX7bdsYS947w3MWo1Kkb3y7LclpTmU4jwAAAAAAAAAAAAAAAAAAANgbGioaKp3dxXhdU9VlS47Xkdj17HX9KRt8OgrDZEd3oxd9Z3EVd21KpzYUNn3+STc5BgAAAAAAAAAAAAAAAAAABn+xYuHiOlzhWIWMjbVqNlV6S0NSq2fEHbbC1RhtjsejIW83BxEbX6ymGSM/H205tCvL5NFgAAAAAAAAAAAAAAAAAABnuxoyGhqdzhel+Nkxta0uKlWxtbCNz/AF9aT/FXTKUym2s+1pkMDGX0d1qyNjdddyT07DAAAAAAAAAAAAAAAAAAAAzzYsbDQlK7q4xCwNCnTq1++MQVtkstdW97iN/pOyyGve28bWsL+7xuhxSq33FzuPIs/wAZAAAAAAAAAAAAAAAAAAABnmxI6HgKd7U1LsjVlPuloTTk9sd2716NbFcP0vP5PH3N5eQdaPuJeLhVCQtOMu9BSFIAAAAAAAAAAAAAAAAAAAGebHjYWD63tzriWhcSscV1vBWuV7fye7jbKMzXC8Dr4hFbessXvb2F6dOZOLguEzYXfreMAAAAAAAAAAAAAAAAAAABSvd+WEDAr+60jCZr5ptczvsQuoWK2ZnuKUcmxDH7XJ9Td85y2leVOl3HQdrb3ePUbuhe+je4AAAAAAAAAAAAAAAAAAAPN29fUVlA471kLuKx3r5p07JXe0ZG3jcMynYs9omrkO04/wAzegZLH7+tj+d3klidnBZD213MW1/m89cgAAAAAAAAAAAAAAAAAAC11/vTb9pA4z0kbrAMHvYqIyavXyfH9U6l6XGR7B2jLR2FSU5zil9D1J/FobviGTx+oc/uK+RY5snMOQAAAAAAAAAAAAAAAAAAAzbZfSGxyjfVYDQ+bQCIh8V7S2Q5HWkba02ZBWXF0U6mJSstiMbg8bH5zhlbMa2ASEduTNQAAAAAAAAAAAAAAAAAAAldp3UfC2Vej00bZX2VUsYy7Nb2DsJnrryLyTtM2oBieqYXO8EzaMwWjkkzNT2eXAAAAAAAAAAAAAAAAAAAAO9/Th4PtfwGTYfC4TK1o7ZO3+le7wC9cAAxmN13MQ8VBbzjM2r3dYAAAAAAAAAAAAAAAAAAAAAS2BU+1bINZYBnOxp6y4AABBVIme7XdQAAAAAAAAAAAAAAAAAAAAACvexEXzXjpW7AAAAAAAAAAAAAAAAAAAAAAAAAAA70+QAAAAAAAAAAAAAAAAAAAAAAAAAAAAAAAAAB/8QAHAEBAAEFAQEAAAAAAAAAAAAAAAIBAwQFBgcI/9oACAECEAAAAPm8AAAAAAAAAAAAAAAAAAAAAAAAAAAAAAAAAAAAAAAAAAAAAAAAAAAAAAAAAAAAAAAAAAAAAAAAAAAAAAAAAAAAAAAAAAAAAAAAAAAAAAAAAAAAAAAAAAAAAAAAAAAAAAAAAAAAAAADYet3K+O4fo1fNgAAAAAAAAAAAGyztJ7P1VK8dPpsbx5DD1dAlWu06zspc/jaPjogAAAAAAADofablvInSsbRO6jiY9jSz2e6UlcBw/kQAAAAAAAA3Psufj4W7rW3GiuTGlgCSs6SrGjxHmgAAAAAAABPd630bvr0bVCuRSkLc4BK5ONUrMvJ+DAAAAAAAAA9J9IyLVqhK7VbtzpETvW5UlE8r8/AAAAAAAAA7P2C9bsCVyS3BONK1TjMRl4jzAAAAAAAAAG096uwiJzVW1YKqzSpRSvzrigAAAAAAAAT+h8mMaK1vxI21Ss60qKYXzzQAAAAAAAAB77mL1FU60lW3CtJKyqVQ4TygAAAAAAAAA3nX9ZtlapIVnSBVKuNqcS9usvyrgQAAAAAAAAA6r1+F6/dpbtVvVswqq1XneDj3Gfi8sAAAAAAAAADovVNvhZWVZ8su0jOFeu6DjuQx7cMbJrY1AAAAAAAAAAGy9Y8r93u2/DdMrTD6LdXtZTBhepC5k6THAAAAAAAAAAvemej2rHIeRST6HKtxhZ10L8Ix6Hc+bgAAAAAAAAAYP1DetW8b51v03eZZonqI0jKst9u/NwAAAAAAAAAJfScrTF8Y0fa9DbpY0eq5Ta06Xq9bo9d0fCAAAAAAAAAAZ/0PSDH8d0XrGVi2Y5mF5Hj+kdFcuZdOT87iAAAAAAAAADa/QlqNcfxHL9Fs5Mo5ODzdvqqwtZtcnSeQQAAAAAAAAADpPdbUa2rGnxtJfzsrNrrskpdtX8iPl3KAAAAAAAAAB1HuVmktTqdavXbdKR2U1KqxvZPAcCAAAAAAAAAHUe5WY6fXoUnKlca7lUorStYWPH7AAAAAAAAAAdR7lZjh6i3JRRTDjspE1I6bygAAAAAAAAAHZe0WY4OBbX6YsrlrWYlb16d3JS8r0YAAAAAAAAAS9Y7+1G3i66lFxS3yPGbXZXNhssmlNL55ZAAAAAAAAADd+/W4WcPNsYFldscjw2PXOyvTKxuxwvO9SAAAAAAAAADf9Deh01+5PF5/lOfiGVvdxd1/NYNAAAAAAAAAAA3/Q6vQ4IAAAAAAAAAAAAAAAAH/8QAHAEBAAEFAQEAAAAAAAAAAAAAAAECAwQFBgcI/9oACAEDEAAAAPoQAAAAAAAAAAAAAAAAAAAAAAAAAAAAAAAAAAAAAAAAAAAAAAAAAAAAAAAAAAAAAAAAAAAAAAAAAAAAAAAAAAAAAAAAAAAAAAAAAAAAAAAAAAAAAAAAAAAAAAAAAAAAAAAAAAAAAAADC8xtPU8vz6PRAAAAAAAAAAAAGuwtz5PzEupsc5k+uK8rYyFMRruZ5GneZG66uoAAAAAAAAaDx63ct10wE10xcv39xRrtXTNMITPZepAAAAAAAADUeQ4GRm6yJokVxCAQkiJmfY+gAAAAAAAAFGm2Pn/EQgTcoREwFSiYimqr0/tQAAAAAAAAPPPP5piS5BQAREzETV6Z24AAAAAAAAHH+VzAVRUpgETTVBFU+wdGAAAAAAAABrfEqlgTVNdFqKhEkRMy95ygAAAAAAAAKPDLMWYJibs2YCJESZfvEgAAAAAAAAPF8JgBC9VapAmJuWontvTgAAAAAAAADT8nzGpiIhXkLdqAVX7tdrGo9N7cAAAAAAAAAOb8tm1RbpXqqIUUjM2dy/Ss9Z2wAAAAAAAAANF5trK7NqrpKZqpqjV4PVa2/dqyLVOX6WAAAAAAAAABr/JtxyVNXW5UpyNVhTs9Vm1UVFj1K+AAAAAAAAABxHG6SuvZdLENbRNyiNjXj5dirVb/ANBAAAAAAAAAA4jzSKqrne4bDxNbtb0X7k1rNGF0HoAAAAAAAAAAHn/nc1rvV177v8qxrPPdZt9XG83FrQanpuzAAAAAAAAAA878/rlc6nf+nY2XjYNFrisDp93cx9Xqcvp5AAAAAAAAABwXnFcq+v6Tps1XHJ9fxuZurdOfoMLW5HU1AAAAAAAAABzHkVcqrvsMcPd67cWL2v3mNNVhjc5O92wAAAAAAAAAc747XNPadj19Wt1++yfK9L6/jzMqc7Raa50IAAAAAAAAAc747XPr/UTXbm9azuZ8z9XvVV05VrHv6jJugAAAAAAAABzvjtc9h6BtrV3Mx7Ex4vn9/vKq7Nc3OY3YAAAAAAAAAOU8mrnsuu6DK01zYzgZnkWk2HT9bnbG3k42qygAAAAAAAAAp8z4mudz2PZ2YuTh5ut5bq+OwttgdJo9/FXQ1AAAAAAAAABqPE6p2npeg2e0rv2sHaZ8UYc81cyKIs9VfAAAAAAAAABo9HZudfl4lnmczd58gwdRZytlnSAAAAAAAAAAGFcpv3AAAAAAAAAAAAAAAAAP/8QAPRAAAgIBAwIEBAQEBQIGAwAAAQIDBAAFERITIQYUIjEQIzJgByAwQRUzQlEWJFJhcEBDFyU0NVRxcoGw/9oACAEBAAEMAf8A+iXyUEKSN0+Y/BO5FJz/AFZPVlhG6bPnQbfYnDVI/ryVekPqXcf7+/xlmigXnNKqLJ4m0KN+D6im6+JtCcgDUUyGzXsgmvPHIP8Ahp6osSwnf1VqqJ/+XD2XGjBkI23BgHIbjDH7qRmurBBQmkmiZ88Ma0dQ8zUl35/C5bho1pbVhto9c16zrFgksVr/AA8PalPp2owcJCsX/DNizDVTqTOFGnxC+RMW7JGqgYEU5txKjD7YPU2Xa/mI3TJtOtaFrvnym9WGaKdBJDIHTW9eq6NF831Tarr2oaudrMvy/jXj6s8Ue+2V4+lBBFvv/wBaqM52VSTDpVqVhyXig0WD2O+50SAjtuMm0SRf5Mm+NSsoSDEcMMw33jbOD/6Tmx/t93T2YKydSxMka6x42hSPhpJ3lq+PrqbC3UikFPxrpFllSXnA0U0M684ZVddQ1Kppld7FmQDLviJtVv8AK2XFLQnhehXlgXaONu2IRjHdlOb+ortijbP75q8K+WmkEfLLOrTULzTaVK8Md29Z1Cw9m1IWk/J4Yqw2NVgezt0E1CvKQsDq+LDPIu44jFrWeIDBWYQWO46eeVt/tEuGCwp9UJwxygE9M7Q3Ip3eMbq/JT2DD9Xi3+k5xY+wOcH/ANBziw/pOcHP9Jxa0zeyHLSRUYHs3LKRR6I1PWE8xXm5pFWjhA+UowHt8ff9s44UXvuuCKD90GGlWJDhBvZ02Kx/SoabR7Mf0+vGVkYqw2P3TrmuVtGrl3IafUtVt6rYeezIfyVr1yo3KtYeMz2bFluc8zuc8Aa0tyn/AA+TtKjftm/fBuf2zoSc2ctnEjG7Zb9UbofbWK/ldSuwb7/mDMBsGIFe3YryLJFKQfCupJq1BJxtyCKM4L+2Kg/bDGM1Ixw1pJJDsusag01+aSCV1Hm7X/yZcTVNRj4hLsoxfEWtJyIvyYfE+tkxnzzZ/i3XdmHm8j8bayjRlzGwqePoHIW7SaMN4s0BU5+fBweNdD6Zfqyby/iBCH2h052Sfx/Zb/01BEyj4i8RazZjggjXbTf4bQgBt2YlnfxP4ah7NqNUZP408MQIWF+BssfitWRyK2kF0/8AFVWPzNEG0v4pP/2NGQZL+KGqMCI6MCHVNb1HWJjNdnLZ+G2otX1k1mm2RRyXOG2H8hz3x3KfTnmZt9gq5ykI3YA5foJZ9cewkdHjYo67H7o8XXPNa1ZHfj+fwzrf8C1AWHUtDo2v6brSFqU3r77jI+2diBjYSNt88ZeNvKSS6bppPXmlknkeWViz/EDfsMIIOxHf4fh9qNmHVRRU7w8f74Btisc554irvc0i7BEdnkUo7q3v+nHNLCSYpGTGlkYktIxO/wCf8M9DEtmbUrMRxOy4RvnHCubfEjCm/vgi74F7ZNDyG4HfUw5Cl19X3R4z0qSrqD3UT5H6H4fScdfQdXjg7jEbtgffc48nIb/sXAjYn28QTeY1rU5f2xinFVUd/gGK9xjMXJZvf4eD7vktepMfYHcZvi5sDhj37Ebjxp4G6HPU9JT0f9H4b0yHVdTiqTMQNKox0a8MEY2UfDbCMeaGN1jeRQ2wPtm2Fc44EwLhXL9dXjPbLkDV7DJt6PuezVguQtBZiEker+CLMLST6Y4ljlgmgbhNE8bfHRPDN3WCX36MGo6BpmnaBbjSDlJtmlW2pajTsoxU1rSzN2ORk4M4ALxHbJuKxuD7a2yPrGpmLbgQR2P6FKXoW60xPata68Eboeyf74GxGJzlt75d4S15YXXdfEXg6zp5azT3mg/6L8O6U0+vQyiM9ONOKj474c/FK3LC9RoLLRyeH/H+r6TZBtzvbraL440rWrsdKvyD774Bm2bYTl88YWOauvyqrn7qu6dT1CJorUCsJvAVB3JhtyxqPw/qfvflyn4M0iq6yOHmZVVAFRQBqrBNOuscGH37Z4B1CS9WgEp3MZPf+2f2GeOdRlo6HZMLASe7e+HuT+gqlmCjNFUxafRhf3TuxGcfTkY7YdslOeMdTbStJlZEBb4jv2yp4Lhj0Q6rqJlDS8DI/TGyfopsXUN7avo8+lSRcu8OiaDb1exCqRN0NE0unolRYohsK96tP6YpkYg9vhvnLPxT01Jqcd8Ns+UbtjT7UNuq/GXT/wAVrQREvU1ZtG1alrNNLlGUPGMPthy+QIe+amA9FT9369/7NqXx/DzUTDd8jleTmnLP9t8J7jPxJ1RZLi6apO/6PhrRJb9qGwy/IiAURgZD3J2wL6TvnMDDJ6cPqbPxNsAV6db8kLBJY3I3Btw6n4XltUwOL9mbf9Pw/wCX8Q6RAl2FXzRtIr1YlSGFVW18uvI3DcXtft6b4gmnoWZFTQdfpa1TgnhlHPGznni2gdT0W5XRObyRtG7owIIGBlGfh54hn0/WatAynyuE74c8eSXf4ZDX0/cWNIbWo9H6Osvyf7uvQCzTswN7MOLMp+HhVnXWa/T+qn6UiTP2BzbvnjZi3ibU9zv+joVeCzqMKTnZatWCrxSCMKIYD23yCPLJ4Jhc8uxwH0rm3f8A2/FBR5qg4/L4Anqz+GP4e8iiXWKL6dqVuq4/T/DpeWmzDKceyDPGOtT6HV6ipvHcsG3bnsttvR1K7p08NmpYaN/C2upr+kVroPzSMKYUJz8Q/DUtK6+rQRf5dt/hRaVbdZoN+rUklapWab+YDhzUlMlmsO22sdSOpG3T3H3c43RxlpDHasxn4fh9USzrXNj3UcZMQbDbCO+eNdv8S6nt+jExSRHB2zRis9eu+/LIk3xBsMtnddsXu5zhvhHpzxtqzX9RlqMm35at61TYNXmZCsbeMdKfp7fxJlKkqw2P6PhDxEuim0k2/DSPxJ0yxPHBMjxZ478RUdW0grUnHP4fhDJumpRcjhz3zbLlKC9XkrWIw6eLPDs3h/UnrkbwMNs0235C/UuceWaddTUKFS9ECEXDkpSeyCjb5qw2pbEn7w8RVjV1rUYj8PwxrFrlyz+z/Xh37bYSffPGkXR8Saku+/6XgGVbemR9+8a8Tm/bLP74m25wEdsJ9OeNKxr+Ib/bt+XwDe8l4jqhm2T8RdGj03WerWi4w/n8E6HBr9izTtL8rxDpX8F1a3p3LkMGVh1p1idthaoWqks0U0LA5+E9JI9KnuD6vjtn4p9VNMqcYwY5MA3IGeGY2i8O6MjrsR2zUNTp0ADZnVD4NM1jTUuynvrcnyIkPv8Ad/juDhqsMwHw/DKFV0y1N+7fUO+c1A75upz8RqvQ8Qyy/t+j+F0LGpafn6fpzffLSlo/94ZPWVJxXO+2dQAbZ4v8LLrgSeJlSaRDG7Iw2P5NJn8rqdCfbfPHusfxO7AIz6Pz6NrV3RLS2acpXPEOqHWdUmvkbfBRvuMB2IIzRdM0zW/DtKWxVjdvFHg2/wCHpuZHUrfhpptuhogNgjifyeJtLTVtGu0yoJsRmOWSMjvV025LYqxiu+9GIwUqcJ95XEaM7+3jnxAdX1dFqSt0vDtPyWnVKu22axKz2env6fu/xzUEunwWtvUsEjo8qDceDte0zRtHcXbPB9Q/Eg8mXTanY+PdcJ9fSZdI8eMJQl/dIvxCEOpUNP1mpKskf6P4Vv8A+uTnliUr2TvkbbgHbJAGQg+3vJyU9/8Aucv6WcjtihuBO+48XQxQa5cSEbL+Tw7XSzrVCGTbj4mEi6xcWSPh+noGh2NeuCpXIDa94em0rVpNOiR3zwfSnoaBQrztubEEFmNobEayJXiirxJDCoWMn4D4HNd/DWS9rguU5EjqR6fURKydCMnNUkjg0+7LL9OlVvOa7WUj0VV9OXTvbnP3h4ji62i30A3MVpYa1uAKeen6VqOqSdOjUklyj+GlyRVe5eSLP/CyqV/91kBv/hlqMELy0baWDLPqFOGfTJ+pGn6P4aQP5yeyspAMjCX1fTHtxGBgQcbZLLLgJ9Oww/USDlXlvuWzxR4Sh1ZpLsEoSeWJoZHicd/jDNJXlSaJir6lqf8AFIqzzj/NfoaLVS9qVem4JF/wxqlDUfIvVkOeB/BjaJIb804d5NPqSTeYeujSBAoAXsG9sDZvv74Phv8ADfB8NUpefoXKZOeEdLkTxPNTsqd9+ALZK3KWRvvC68KVLDTsFilYtZQwKoXw9plbSdMhgjXgewPvgYbDds5AexzxL4Ypa9CzcQlzVdIv6RM0F2u0bfofhvYiSaxET69d1VNL097HMA1fxGU0+M67TeD/ABaNZmnpzsBLqoCWQfpNWRuB5H1xDij/ALgWOJ32yOJGUq2fiBpQqXIrSR8R+WSN4zxddj+fTbJp36llTsfHPiuzDZggpsvDwX44t09RStqM5esDuAc2xh2zfY4DgOb5v+QYRi6RTTWLGppHtNZB8tLwI5f/AH94SRpKjRyoGSn4LofxZLCs3Qv26+m1msTMeC+Ja1iNZ4J+yaxL0gpHLItbJbfhk+vVolLSvxzx/qkV2jpghTeP9D8P0La1v+3jfUpRfsUAxMWeDZjF4j0w8+OeKPFa19QEG3KPRNVi1GFXVvUreniOxbiVdWXKbsqqpPfxZo66zp+3s7oY3ZD7/ke9XuaWledP81+hDRk8RaBNaDb2oi0cyEfVpVjzOnUp2GxHwnXgd/2Vxhk2wOM3zfvg+LngjMchPOPqZqs4r1in9X3jV2+YwO+eN7LyVTXRcpqzyAbneLxTagmYFVeL+PwwQpOoD54gee0fNpMnTu6gbFOnTO/6Pg7UU07UjI2eJLqahq1qzF/LyrO9azBYQ+q/Za1Zkmb38JXzXtvAW7JLvxdTkx5xpKuVT1F9+9+8lGCSSX21ijp+otPf0iYc2rzLF1ihCfqfhlqEMOpz6fLHvnifwXqMGsPfo1g9amvGvAvELgzbJY+akYZxHKY29zZAI3OeY2K5GzEDcYMA+G2WiOAiwADZR7azP1bfEHt94w2QjTQv2OvM1mX0DcLSDSPs22WUVJXVSTkbbOv75qo8tDCpGMSzFj+jHI8Tq6HZmbkSfgnd1Ga/px068Y/28JUGuamrAHZedeVE23VD1a8/DKcnq/sfG6zzadziYg1bL1bCTL73NVNhiVTis3AsGQbD9PwBFJJ4moMgO2wYDcb4uL/fN8JGajTE46iHi/Fy4jdtjEsibBl3ETftvi4PgMfZpueWJejDJKcZi7M7e/3jaqpaVQxKtapazG5MSpMNT63mGYxmOTg7HbYkmN4/qUjLFi1bVepuy/Dbtv8ApQdpojniLwtW1qCnfPpbRNKq6cjxwqA2oo8XKeDvmmzcwzcctx+Vsh499n4WoZYX+nWdBuaZNKTETB+r+Fumxqk+oyfzFP8AbOaA9z3mtxQoXdwBb8QafX7NYXf/AB/o0MpjsTjanrel6qhNOyjjVasgKzQ5p1jqpxc+rgB3xH7YDm+FgAT8NZO1R9z2+9JqNOxv1qsTmPS9OhPKOlCDf0ejO0c/RiRq/h/TI6vy4FOa94dSCZ5K44rHpIkHaXH08RqV3x1KEqcijMrqi+8+n2YHCcC2GKRTxaNgY4JZTtGhY7Ee4xUduyqTjwSxhWeNlGeG4aFnVq1fUCRFHWRaaRb81eHg7InpNuNVEiD2qbxc1D5tHYEBO2XajVpFkT6FqV7EDV7ESvFP4D0mfrFVKNrXhbUtGk2detE8Ukf1qR+npPjGzRGn1ok4pWvdStHOo9Ooawsack35a1rl+yCnUKpDX1jWp+jQhmnfTfwyZ+Mus3zvpnhTRtL9VKmQ/Sb+2dM/7ZwP+pcEfH22wM49xnLC/P8A+hmrqGpuD97yIJEZG9tOu9OZqcp2bWqyyK+Sq1awcMQmbfJ9O6wKqPVp+kdDiZf5iRkFCE3yJac8QaSuheKtXrO8Swqhr+GNJuLK0lcb1fDWl1CjR1l5an4e0zVKgqzwgDVPBEunahHA9geWkVq87J7N+HGqT6johWy/JrMSiVu/eRVcHf3uRGF23XEYCCs2SetBkLlU2xH2bffsem6FGUMPE/h5b1ctAnCSaCSvIY5VIP6K5o9mU6DpsPcNaJ5CJAWfT/BjWpFs6puFr06tONYYI0ij3Uey5zb++CVZS6xyKT8d83xphFwWTOWansas33xcqdcdSPYTiw0kJin7S6rV9YcYjdPZvfIgJfUMClFWRlxbCr3yrOX26ZyzEJGUDsdL5IoV8UjJEYDcd8/Ey1J/kIf2rwPrEqQQx/5nwHpM2kaX0J/r1OMjpzKdj1N3kJy2qzwx7+5RfIpv7x2I+OxOK6ld1Od9+xxVI2yQclb9817w/XvRcuHGSfwtaBYwd1saRegcoa7nHhljOzxsPht+XwvpnndRiklj3ggiltyR1aa5Q0irQHM+ucsf/wBMisysff4Vq8dVCkY2GdaIP0+qvPN83xlRyvIb/CaNZo3jb2swNWlaJvvixUjsbE9nv1pYlPXXcPHxf/auvEHbI9pIOJyeJek399AHz3Rz2YN1u2JaqVI45LViKFa16tbB8nZinyK1Hx4vIoPirQKWv1tgU8xp+ga/peu0n/htoZXuQ78OovO9KZIQFUkyCyAAK8hweb3UeWm2kjmI2FeXDp9nfcQyjEg1Gu/aCY4jWCB/lZgVM5GzV5c6T9/ky48Msi8fLy7eRn7jy0u3kJdzvVfLGjRWtxJp02/+DtPUH/y6TIvD+lQiT/LLz1HwxdiZpYfWkWiahMCVgyn4RtykGchVHhOmP9RyjTiiUQU0AzTqMWnwCNAOfx3+MrFY3K+4rMkjEtuVJ4IT77/HfBmsw7pHMPvllVhxYAjU9GB3sVVxDs22QNs/HJT2KnKXU8yixAk0dGl59e2+2ePk6s2l6dWT1eCtFj0ytIZORll483C+1dN8uOZEG+CMrrMM/NgHDFSFOxjEg+vN+35drAPupwb/AL/Eh9+xG3wuafDZQkRgSW69irHs9V9unWWHn1FDefiVAgX1Qw2LQEkny0pQJ14I412/JJIkal5GCqkscq84nDDN89+xwV4gd+5wnNX1KzSkqx14lbF32G/xPIr6W2Nx47FSzwO/33rFDgTciHaNyWDZNE8qho1LHwtpMtKubFqILPmtR3LOr2rXTdVr3Ugh6atnVi/1ZA6cT3yUjp775ZZI35qBlaYWIElH6RIHuc5rgIY7D3Wv/rO2BEX2XCE9igyfR9Iscurp0OR+HNJhYtBE0Zk0VP8AtWMo6dNDbjkJRkw/DUUadlG/bTomiV9/b8uwPuPyD275Mgjq2FDEj76IDAqw3Fus1a5JEEO2jaaunVERv52H+wwRDbuMetA31QocenAP+yuNCqr6RtlkMVYZMGG43zw1e4vJTkb4spPsxGD80sb8uS9wsMjnZd8jjSBSf3WYMdtsLZzzlm+NNGJBE2+8fwPwaJCeTZFZry8kglRviTsMr6pUtzSQwTB3+Fy4lRBuOT19W6rhZYuI2wZty9JX0363lrDr/T99QUEuXqUjj4H299shQ+7HfD7Y2OMcdtsnXsctJ6jkcrVp45kOxqWVt1451/Nsfiq8j/sNgO2Fs5be2FsJzfJuqyjpMBkYkQNu+5rcuHqO5OHN816zJ0xViJGaBXcTmT9j8LCs8MkaHY+HNCs6fLLYt8QxwZZrGxJI37rXCcTkP8mLfP2we4zU6gswch9ft2++tLHzGb4e/pxRjHGx8fJv3y2n75Kvvnhm/wAJDTkPYkDuTkloL9OREmNSffAoB3Gbn4KvI7ZsANsJwtjMPffFtwN0+MqnC2c9+3IZvhbKbK0QZTuDhOE5PThskF9xkUUUCcIl2BOb5vmo6sap6UCBpKGqzSuEsAbctsdSTupxYNzu/bAf7Zv2xD6hk9qNAQx2yYgyyEffVEbRb4jBhvkS+7YRsMONj42Srlldxkqe4xHaCZJAdsS21iJJd83LEDANgB+T3x+pHGxij5vE0jRqZlVXsW60HaadENnUq0NR7Yk3WfW55a0wVO+iQRiPzG/rcFttmwog/YDC37Zv+2V5I4I1QdhvjMDvsc5YWwvhfOedT/fJKqzFyT6oqkiuhVDhLH2XAJf7YFkwBx/bPVsd8gO8majGCOXthO5J++qo2gjyHuSuKNhtjDtvhx8c4ccb5YQ98nX1ZKuaLK7QshPpQ/Mj/Ix4jfIwduX7hz9MhXfqVo91Vo1zVGislZI1kW1J/E7McVchem2nWF5NEY+Wk7pUSOQr1LE/RQttuYb80wf0bGKwkqIwZdxKnLhzHKCLkObHtYdumwjYBklSGTnL/M4b9+WdH/c55cf755Zf7ZYsafUcR2JlR4lhmQSQsrqIh/bOmM4ZxGds7YNsQiOU/wBtTf5D9/vuHtFFlUbyjBjRjgFxztjthbD8Jx2yyvqOSDNGbjPNHlODrOWJ7fB2WNWdj21W5cjqCaFeAN+eT1PKTjTsx25ncSA+z7skx+oFsEu53I79Ru/9lLA/WQeUjFuTtvN50dV+RaLR3nkuclTLFafzay14FkFaQvCjcSuWJivscmk9RzTJetWG/vt8NxmtaTPasi3V4MdDqWqAsy2/QLOqdP8Al+w8QoCeRXItYryjEsLL9Dqc2fODf6sCH/UcmiPAke94Hyp++4v5UWUe7tkQ3ZRlo9NP95Djtm/wIyUbjLi98YZpva8uacu0Bb46vq0NF60bN3hvU5YWjnO4u6QqQmxXdHh2b/T6tpttg22Ksr7+vP36Y3OI0g+WzkBSe4BDZt/ftilk7jCJIJ3etIEyhYsvYVSrcIn2i75M27AZI27HNGl4JKDhZh+2S2OmCWIGQOLEfU75bu16YPMcm/jRnRTwChoY5YwS/pn08Alufby0q/yyTlc2AvJlK5Bq1mHijDdYtZjbYSrxyOzDKN0cHOoO4y+x8vKNvvtD8qPNO+qTKw9YbLr7sFyVsc/AZtko/fLffHGVWVLsJJ2FfgkEQ3Gcl/vly2lWB5vc3pZLs3UlQ72IrUbhoZZFVdVlgihM/qerfitoyj5cghk57jbaGJ1fdNlwLxciSJMVK5IBdkPHZxyk3wjfuRnEe5y9I/V9tlq3Xj7L7Vb6zR8CQHdvWMY98qnpxRY056ZIiZ8BSXqNdqyRB9ZRVCU4hlhmmcvL716bkO6DfJVngPqUqTPMoJWVsq20HeeuuG1ASBC6kOrj1MhxvV32AZOS/SSDX1Rq/uvUW5chsws0R++4z8mPNM+qXIWC775Ybk7HJcbBg+E3scsjJMhHO5CuL2VR8NZs836H9IjTbkdt5Ycs1wUbdRkqSQCUqOyWJeJdJtwlqRx0h3Vbk/Ftp2LVdSLoOvEgeNoj6lfkFC7FmYAHT3blsQrarDNFPFHMmzIpiHFWDqr8CrD3jmMvBjn1NxGCTd+I9tOk3g3bNTllsWdi3yojt9Ccs6f1EruSm681bCZYtlJ5rBp8V9mCv02n0W5B6o2WQbTFumsO5itrt5dpSY5fmBmSTmK8MpG+65vIAeY7dRmOyHY8ymwl9wQRuPvmA7wjNK+qXAdslyTGwYPhKMsj3yXKuwv1yRvinsM3zVOaXJQc6MvQE3AohlrBWYFjjxwyrzWVWR9P5DsqkyeHWnJ4t05Dptuumw2kx7KxORLuGDh443TcPUty1DEx7io66jbFZmC17Eiq5ZfbV7PXli7lsiBUAjO3HK8vE8W9jMyOYwhDQtxG2/quakTEkNebjEJQoG7bHzXLkAABFeJKoQA3mo9/m+6ywSeoWc0exVjlkUz7ZrNvZxEOfTkDD1jtlOdX6iSbHHmilIbipl6daaP5RIx4jXkAMgxJSNwVCsYnYbcueIwg2Lj0Edgyndfveu2xZc0r6pvhJkmN8B8JR75YHvky5AP85Bit6RgbL8Wnqz6nZHa7q5vuJA68OtUEXQlvQQy1zwhMTscS7FtsC+38Ri2VWnDLJqcMTgrNGccVdSDJsjZPRtVFLqhMYuKxK8t80q/FHJAJnARNZ0wpw8+CtiCt1Q8VkiNp4IrHQeVOXBieSEHC6xksxAyvdaw/y15i1b4fJ3HI2ufIekBpixUugbF7rP2G/IbjfuOZfkrb8eoE+kbEWemV4/WbySQht1lli1PkzR2kSNeIikisBd08tWV1cuULyRVFbg3Mc0ljR9uS9P1GWCTiRMxULYHEsDu3AiRYZO7Ky7Ky8Tt97g7HcZoz82n7H4SY42xvgPhMwRSzHYSO8o5KuyTK398rdrlUZ0If9GXZoarKen213UhegFOjHIzSeGZK3CWGw7vpfhxhYjt3egjS3PD2nyiF44ctXlilleqx8rURe5kiEpgNWdp+kitgq1Vb/wBOozyXLaN5m4XvCvKATUhI89bQeZVbwlhY6BHDF/lpQzSxSduvuM1CUdUEHbILliL6XPFnlsKgEnbS4ZYYuuzd55y55CPtyKOOoqExRdU/LDFY5P8As+2Pzh6kPUVgV9BkP8tg4VpQWC8tjsV7+st7bZFqfH0W4EmXTrGjHsWeLLhoy0uUUqkQzKdott4kKu/JPp9HZiNiizfVvyxGUv8ARxIaI+l+LZNGAqMD2+99C97HwkyTG+C4MsQiaF42J2EToojd0IlrM49BU5Hp7xzRTs4xb0jHYICdRvxy1nWTaN04sqzK24EjBXG+2KII4uUkJ3lEpJB0tnyIXo5OIoy9KurvJzkgmjNwPQ1IcLXTMWotP/lJUVLFW9HcHIHpzC08aMH+o6/UlnkcMUy1qcE20gYOr2+rD2KyJepK6mXbYpBJI+yKQNFpNZIJk4pLOr8we+GdmXpf0RySPtEdgBGhXaJ+GJZYBElBIMlaWNOKFJeoFXixLYzMYzvucLOqkAjmkpkAUSBVZSO/LOfDfj9Ne/MpPROaXdrSzss0fTatM8FkJJtxDCVj6fUWb6VPZ5wFKju0EZ7yN7RfNhkJH3xofvY+D4+NgwYPhbk6W2y7lJN9+aA5J0T36ajGtFG3BY45gfkWrKcVolUIkKqplj9uAxZI0/lxAZK/XG7wb5NFWUDiHU9OZHDDu3GeRJI7LsyQU6kTBzGGYeVB3aBdw5G0i+lb+mVZ4m+VGJd6ql0MSEGOeRD5ewpEfmlj4WOkc62mwo3J2Z+lXWFIKaiOOaMyL1TBtjsSiIw2XqK0BSCPbE+jl5Q7WHl9JaFAE6LD6NsWN26zBOS/SeLJj+pkPIDPSrtxxSNzu3fiVJ37iQf1iM4sj1+YQccrX1tKsEkPzAXqPsN2jUpJ3jO4fp8ggHqqdThL6sgCqrhuy/e+he9j4PkmNgwYMj+tc1h40RQjL1DPJjMx7b9+J298O+dL9zgCe+DcH0jA9px0DOyJPSK9vMR50u+3Dd46Uc7GNX2by/D3zinSk598USbkf0sSn7Dexpc7IZutVaOxp0A4mGck+RHLZJFKVqsc9qKoJ68Ykcs7CM7YlhuXBpOWMku7SoEeOWZTGZB6C+4MfSYud5mccgFDGOPduXqWyxj4bLkkg4bMMHT/AH33kHqPTDbuC3rT6uaB0HL5sqPsQXAwxD6RtiyLByCH16fe85AyyH1qZa0ivG3odxMqScuLVhIkaryGPzRAW++NC97GHHx8b3wYM1exJHx4OVwXph2Ep415mn6qovdk477nbD32EY3zff8AvnLuwQnDIx2GcuLncE4OfLltvkSvVHmH5JhSSUknuSikEqxEiK/1IN3sysWKcH3j+Vy5IDG2rBV+VEoT+ItchkbiFTStNrWoGu05iZdXldJ2UUK0URr2Jov/AItTQUjXUXM4l5yt3JT+cYl9IMnSkVJIQN7ESiGNGnb1eZxdLfg8/MQvYpX6/wA2aqQoLzIRFG7P1HVuDCRMd+I3k5Ys23FY1c4/WWMv0X2llNmT5e4yrEsfF2lUsbEanpheZaF3VjInJ1hIkEbMGbT5Gil5bkCwqN2VjvOknSVU48dLZo7S9ZQuWrHmH3A2T730P3n+EmSY374MGa0pEXU2PFY7y1426W+adPaqXBJLGQkm4Z/c5yPbb35rwfdeyOmxU+ySQcgzVlfHlhb6IFjdZpxzAbYtI3sX3wBpCeI2PVPmXT+m2VqFRJKQyWNDljr2WtDfUZf4nJL5eN4Eh0mBkHL3q6ZHXlWWIZLqt3SrdoPWRoZYI9aibUFQdO+kcB8t5d2FNGHzulvkUwEo3G2eblnjIaM4Ja0XFGooWay0LERIIZBens7x893bq/y25MEuvXj2rz8Ynm6vdu+GYGRIxIGHXijjd3U9aabqHs52SSNl4NESyRp1Ap6Sg2RGSI1O/mD9W5B4M3I+5jYxPt2ziWSCVR3rsB8sgEFVigLMoMv3xonvPhx8kxzgwYyGRCoyxFWkhaHphcqaXB1yXfkttf2O+yvw9PugReovEnZkTlvxPFlJ2KcRgiVgOx5ueCM0rbY1mqPUCTlrUOY6cTbYf85KOqsi5BQr778Wkw1a6tssSY0EcaAKMC7khH7wpIrx/tlew1u1drz1g7axYrMq1YJeGajcS5b6AnZ69MwDfjY4P0bA9Cu7HzKgcSsit1+cZ5yHnJGWEY7nGjYOh5dMxGTfh1OWBo229JyGZqj9SI7ZMGflLwAdm9RXgylZH9KhiVYnkxLNjOV+vlsk+y/LB3imPHlKvLGsPuGKErE/9RY76TNJap8QwLOrV0hbYFpOHluUjer740T3nw4+SY/vgxcfqcG6T8Gm1C7DLWFyOORLNVq8JRG3EwZWBOKGkO3Hs3AyIkXLBG/UPEqwn6FcI0pAkt6pQijeQyqck1uGV+nDL1BUhis/Wyuo0yqvDoRqshhMjkFOOLCvbclWhfYDaQPmw5HiwySJg24XYPDPFXltdwl7zUWoUKdaIctdlvV4Zoq+xaKrH6o+qxOp169OSMR7plTrW6IldRLizxcenJNY2SzCoIgiY4jea3d5HXLEfy0ZfUOJT1Dlt1WEY7lS3KV+e2xeaQce+RJFPHGsi9V7BliQCVNoS0bK2yADmV3fjHvzRlU/Qx26u7OefE7uE7ZykG/pIXRbZgvx829PB5LEQZTs/vt986J7z5+2PkmPgxcI7EZcoR2LTBtiTdspHtsrLZSoY1thWjIu1grLE/LH1GrFvsuxn8RQp9KDnd1C/qL7RBhkmlySPxmn3kk0Yxn0zZppaDeOZ9zHaHFGQnaCyskb822aRmi2TiDnUrlmjEvDJqrSrvXaMtXksQHc8xi3lNJoOXNpbyUZdlHVs2Z09cr7AwaanyuSKH8QBJXghZo4zp0z13n/AHEcmmWmMJkWNp9MipSdKxukghvSH0evIGvQMHFaQlo14lzXlU9NCD61OInFzvtvLH9XY78GHAqFyGbpq5kO+WVqS1w0HokeKZHVHKDOR7dFTmzk+tScatJFD1TZBxePSG43xDH1j0gd0lTycLgfN++HdY0Z3IC+DdQ/iM2rOPpPtje2SY/vgxcGaxpET2pJ+n64IrUdmFrGqSvFqKzQ0Z5JV4m1qleGZ45q8i4uo0X7JLzytY00VuEkSDBq+kipLXhh+bX0qayjTzWTt/AVYemdsn0oR9vNtv5+bTn6Rk6sVPUesiRI3omczjpgbZMejPNE/LcCeYGOINiyrs27ZJflnVkqDoxxfLYqCDk9SaxsY276Jpsqs/nHdk1qTrahqMoXddLZ7PRjlHpfTlSS6rH12xKtSCHqdRamoOnOsK0xaO3Td383Qh5zVNNKhikqAaTDKxNewHH8CJ7tKMm0KwBvDKrGLTNTf5kkTBZNPsoNmjk439Inpw17RcMf4RYmgos5gTJ9OvRxL2R4pNNtRjZnTjLPJIWVx8oRTrz59ORag9cTMQcUgxxbH758TavJclXTqv0/htXeCPU+bb5tjDJckxTi4Mffrb5JXgJZjGNr8f8AEYh345qulvzb5TnJtNm5ELHtkdbVDF0t+UcNDUEI5Q8ljilECxpE7NHX1LgPkrvNpFu0VM0qpj+Fq0UfWm5lZIo6LfKUx5/iSrAkZ/mSaV4r0m5HHBbqyG1qN3StNRkgkDzuZpzzllJwK57AZBBLsVSPKmneXl5Td21e+KEXPcdV0mnnVXUkaTpSRVacynaSOpcbUbklhYvLAuNQ8s3bJQZrHRnogvHNXjdoLhbNKefrzC8yCAy1IOYQK81G1FajJmjjVqR60jp9Yv63JVmiXyKrF1LtuatLHbhgjfX/AOEdP5kVg6RqtKCobMgikSS14bsxWdNrUglirqWnx3mr6xAqrbuxGvVSvBVCadPYgsbiPhXvJpVhRqKQSwtBeiMUaxsHeOWOXl02B+95ohPE8RZlC+FtPWVputYL+F6cVPznTZj8HyX98f3wYo+Fuzaryv6w2HXzswmqEGPXqEnpE5jy7ILnz6rc0ScbAyQhxTowXVbp7Lh0oruNhulJ19l7afBW6kiXEy7Zo6f3TeVtS1uOSLm3cut/UduMZC/4ZvN3YgZHoNqNgSoyDRJ39IU5DpiQJxsbNJp9WsFiby0fJiI5SxAGNIJjzH02dJim6rAbvJptOTb5IB+DVjNcsSg97dczPXdTs1yVLNh0Nbe3RsQunQeBVxkiqGbUUoLYllFDXo4aOnFKkk9p9Kniqr0pTZk0C7DcDM8s0VO4uoVaoIMNnRol1nTZz5WfPEGoWqVS3plfTfK6ZEafV+cdpYb0upq1CSgtq1BaSulqs9KJUNbT9QWS0t2RZJPD6vPA9TWB0rtZqPnZppGnzTtRjpVIOSr0o/mwrYTvH976K+0ky5yxjkuOMXF+FypHOkjfTIs8IuQVn3DzaZC8jHojBpcTbiNOIOlTQ8+jOrL5/Va5aEQRbO3iCWLaBSclHitTttKMjpeKZ0MnUbpxaPdk2FqfqCDSIFB3jyOGNF2CjOJJ9shpsweTpE41uSRGhGyZWrnzUfVkCLJZrxuoj226/VuiLkBmo2rUvQ6EewiQqqlzyk+KqF3+FulM0qWoWHUNSJ9pVBSQb7d/dq9WrcedamzV6On2qNta9p3A0PSucqeflGdCreEoFuWGpqFKpUNYx6k8uPbn1TQK0E+pKiUoY6ckM+8VgTXXq6lNYmhas8ugSPBXvdAeYku6e2iy1p9PXz1zUJ4zFpcUpghja+lx6kFiORNWoXauoMl2L1+HZHFSzWmDx/fFKboTq59lmVx6TvnLtjn3xs3zf2x5NsikEg7e+qRcLDBBkutX4mTek8kcfiiiSFYtA/nIbKbwur4xXgdwCW1N/MiOvCixQ+IRGSnZRT1Hro4V1ZGhgl4xyrsH06uOXGwRho8SpifqA1ekVURjDI8XUUntPW+cfXtlCrNzuLD6XWCZJImexyw1ozYSz3EksrSkFv0tRcyNHUEbthvHTZeEErLJPasovcGCSXw9IdAN+tqLG1Bp93T6U12SRY4dWenqVbRa6x8AdKa8nWjv9KvHQ1KzWMEsByrqF+pDA0L2o53h1KOlDbsvBIKtKpNpZ6MTLbPh9emkzSrBJS0kTV431EO08cSRIEjXYffAaRTukjLh1K+v0dM5/GrcY3lqhsl8SlRx8hNym8SyhQVqccHiWQFOcJ2OubryMEgz/ETwyqa9KaQ60nKbrRg4rMfSMs0orG/VRWx9F4NyrvJEYF1ym3JbIkFu5e2TaiweKWYD5lWVBphfrB657M7b7HO/r3HLIy+4Ve2WLS1kUN65XNizKXl+Wi7J3Re/v3P6vk5P4j5pSoS/o8U1uWWsi8K+kMkz14Ek6sGuXdHS7T6STZYF6tWr2yIxlTUPITNchjhLyJ5aOqIpJS2mpElGudQpp0DoRsPdEPGKGzSiuwQ17g6iCpWUIohXZ40k25oG/wCA7SLNpyzl9m6BXbcbYUXcchnS5qWG+JVkYEcdgKTow63Njq1uSWaSLpiMLNPGzeXd1enY8UMuyueEE2rKPnWITgtWdtjLnvuT7/8ARfw2kWnZoAcloV543ilXeOPQ9NjlMogByOpVhIaOuimaukxjZt8CqDvt3/4FSQpuP2SOt0ux9cyEHbZ1UzMfRAmGy/T4RxPKyPqR950iwabW3LSAyNHBDD/KiVf+JAxHscPfue//ACj/AP/EAEQQAAEDAQUFBAgFAgQEBwAAAAEAAhEhAxIxQVEQIGFxgSIwYJEEEzJCUqGxwSNictHhQPFTcILwM3OisgUUY4CTsNL/2gAIAQEADT8B/wDsSzgNnJeShclkDTd1cYHzXAOP0CPBw+yGNxwd9P8AJtsx12ZrBR9EEG+6JcrB3ZJzYTTy22Ykpp/Ds9OfHbaPDbQZEf5NYVWUHbG0iFaC494yHFHAhOB9XZjPmv8ADbRu454HmmWbW+Q/rtSua5rQrghw8YauMIOq57OzHCq1ZLD90fi9nzWrTKaJDfedyCDpbYg06pzAQNw7Q0kjVF0mznsyNQneQ5btnLyXYSFwNFlmtRRZVX6v4XCqEpuTs+X9By3GiTK0K4dz8UV2DLxUR+HZZn+EcGA9lo4bnAr8x2WApxbuREbSITbV0cjvc00zihR40O6BipIo5frKGHaTsUz580eGCaIIjHmviYb3yoowDHz9FPserMlaufdP3Wr33v2U9r1fY+ZmEWj1gdbB1V+sFaMqfkvic8N+y4Wv8L81r/C1klfCKNHRWrKN1M95pqh4psfwh/px7hwuvaMUPaYcRvMMWjyMKZJxkk59xbAyOI3SwwgSD3h0MLn3FnAsp494E048PFNvWdH59y+yc2PiQ3Aj6Q+OlNmZ33u9Wf8AVvdp9s2fp/SGtE1oA6brsAc+4KIvMPih2IKmfVGjmjhqtHCNwGto8f8AaM02y/4t2Xlw2MtWknhNU6zD9h2Qj6TaXY59yy0a7yKc0EHhuvaWnqql0Crf6NjTJy3m17Jgo0LHmvQp9l6wTwy579R5+KjnmFpAcv0BD4zRDIIWTttmx1mem4+GTnBWvckptk0b1r+GJ47oZfuNU0HDupEq2bfs36hFwDn8E3Fy4Hds6RqNlmZaVeAJbojjwOh3JCaR4v8AUO22hkI1UbLGr+vdMtBeQUbt+dwOBT/RyQOMYKe79GJs+0JTcICAwTbabk04hOFWnGdy4S0cQmmCDt9Jfdc38xwO5a2wukUiFfFxxMmNPF77NwQMbIfHkgxo+W2/Hy7nHmZRNY3y126Tagj9RTLQxxHd+vOx9J0KtHl1FZuDmwaUV2LUaPGO5bO7UZO2i0aWxrKNkwu5xXa0Eq8JjxfBTbV48jss7MkDc9Z3IcCiBXdB2ejWrgDuzNF6CDaOpW1YUKHuiL7eYTqXjESmWhY9h4baGNx4ggp/bsnjCNNljatfHIq3s2vaDodsRRXh4wNqbT/5O199jWXdwvvefdMMHfe++Ou9bg2Luqt2XuvcXJvDFrlZkQToRO15iVZGHU1w2Wr4PTddaEPMYabR6JZ06bCDEnGFbWlo8ci4wi6fGFpYAk8QY2OtY8ty2s2PHlHdesiN+zBrqgYO6y3YY6pjM8Z7j3hqFaNZ8huW/obWPeW9owIT3G49uXNWx9Yzkd25eb+pqa4hWr2hlMUyxY09GpoJKsxcA4qysw1MFBz8YWNpHR39kz2gMQNeSNoTcAlxWT7X9gpmII+6nFvahDsFw7okS3cDinDy2BTPnuutM1ew4d2KmdE0CKTigwOHJ1U4QQ4SmCABkN61eHWoOI1hWIFw3cI2NsXk+S/80J89l8+MPVyOhVtc7WgGI6qYJa3sjmUfdaLxC/5aAm5F1xRPasrQRBHA900QRruXpQvAqStFHSiaY3GmQQrIFrn/ABjubY3PNF8MfdMEJ7IAGSiLxFUMu7trJzPML0e0vGmbSoRcT4wuG8TxTh6lkYka/NEXncSdxrfw7T7FTQ5Hl3OPRYN/ZAx/KFWcQnCPNR55FGqzRCtBdPTvrO1a75q09HD70aq3cG190nPvnWYa4jNXTBPjFwgtNQUz8T1RwDppCAonYMdQrFBY4q0l7X/buRZmVSWnXXYbWCgK8Cqg89hQKsrxBQJHlu2HsWnxN0Pc/wDhggjN9kf2TXBPsWEjjHeAJ1U+g8ZCKKJTTONICDjGsJ7gIB1TYENcayrAvJ/1HuSw/JOPZ5bLO0a8dCnGU+CObVEws0CgqutLA0PGFMT3vpTIB/Tqn2ocA3LorjaDluBFHDetDCCYI8ZTPMIBSpzU0HFOEcJR7kYHbIT2h46qzBKLaHgi07LN3bjMJpThVuSIw07xhcXcoO8EM8lOW8wQOqDSUTPjJplrhiF8WB8lJkYV22YjDDvb7fqmsF4jREAzrCb2v99V7XQoiY4J7bvQqaPGFe+LrjdoUStQO6keNTmWiV+lMNTcFWnHrxRbUkYonBctpREiAtIXAbOCdgSMdloYnQoN80wg+ZTwS06ahAxCIjqETUBWjcwoOH1RwtGAwuPd2Vs0uj3hmE5odsGQWBPujmTQI42Vh/8Aor4nOc4nz3ee4IPjcrIHRFTsyRTc1GMfVB95vVWlTz1TU2Q0tpdVo03LQ0romOjyVk+50U1TSjQFT9VCGzzTCSKYod36oTKODRUlAyLBpx/WUMGMEDa0w6N5xgRsjxw32XFMpG9NUc9yrpV3L34+6L7yBqgFCB3MJ2fFCvQJWoC4jfszLpwQpwARFXnY3DbPnx2fDIncaZGxwhZHUeOBg4Yr4xh1R3C1NT87R4bXqhj6p4f9FzTJ9W6VZekMPrPVOuXZ1hUls1quAV6vYOCDv8Mr9JX6SuDCVxsyv0FH8pR/KV+koZ3CjmbNy4h6ilSjMDNDVcFTNaceKI7btTvxRXsdeKgbwN09fHOhQxZ+2w7DgBij7gx6prbS1dydQfRPq+tOAU7AiwAtyN0/z3nLb8QTffFWo1gIZCpR933uqLxuDMrhuabLQmS6ThkI3NU0Y5SPHfvj77OCtdR2mtyGx3pTLIEjCxsRj1KnHbCaacjjCIrz/oDiQ26fkj+af+6V+YJs1aeG433fv3lx308dlF3Y4g6JwBtDx06bDs5LluGre74iFqUcxXz3XDSm83ENIO4z2gPLacGo5gztKNW+O7B9/oP52677SnCvP+gzUUCncdV5Gmia0z12lpAPNXbjQDPXaEVd2sqPHeHdu9nntNe6eYaOWzntM167nDdzJwCOBAjuCfHRdsPcgpwRQ3fhmFmAZhaE1QoM+0cl6yHfDcdSBx5p8gCMACs1rt057Bjv1KocMN8V8eHu25K8N7XALEgQOqv3bRrR+EQPenirJ0tD7uswUcr0IT2Rksgme0CME4GnKi0mq0jY8Q7hukTEStR3FQsPHd0bR3JbKbtAlHHquK5rz2cVquCNDNaaVUQI0xTJvuOh1TqvJdBHAYKXAg8DG1hu7lwNLSYNNE6IZIdhmYQzOGzXELnuiPHd0KFKPclrgnO2utBfH5U7EGoUiAfbVZkLPZis6rjtf7TVHaJkjpskbHPH02aKYWicfY0RH1RrhQrgU3ErK9VcDO2R47uhUQCA7mv0V0bBgOKJJgIAz/ZB+Em66maj2b2PVfJGlcPmtQYKwEiQshtiKKcRnz2TsNfNRgBMpppiAZyQEScuQTj80FkjlKIic1GBF07PJc5Wc4oxLc/HcKndkwgNjPmVOG3IDEKBjjyXxaSmiKiZKrXQdNk4uQGGIKeMjlmhS9kgqooK8YTD2WtOmZhaL/t4BacVjXigBhVN6fJflGCAjtCsjMaIUisrIShNMzsOnjoFU7uT9FGy8iKE5/wmtnmjUOJrVHCDksslqBVRWh+6PHVEm/WF7RIdEoq6cdJRpCwWHVap3+5TaOdMI9KIGF7pQmSAjMgjJOoA4YpuMHEqZ4iU0zLhJX5RDvksy0/NXs5TsHMC1n90aHnwR8cFU7uVGyyaTDohAUa0zTRHFrnVE8kygIqDyhNMEkOCvTfLrp6TyWMOrgeapEGcUKicQtDipLXTh2k0xNTgn1F+aSZI5LhQLgUAoibuiz0KoeMYKDipkErI8VIzqhhOPJCpnFaOOEryKJE3TSEfZNAnunUKcHGIXwZJ2BWYKdhw8ci73AxRwJxOx1q1p6rmUMU+S8kXWhE+0NU01c60c5z5yLYIRxhoVoYb+Tgh22zV9Mf4TYBp8QlaxCGQM0USbJxHWtF8LzTzEogAtpdBCaS0tmnRST0RMEJ0RJQHYCHvXZ+aEiiaMBqm5ZIm8bnFExxWLaIjVNzWp9rzRpddVqZTVTB/KhRq0U4FTWEcVh447PcHRDA4fuuas3hwAXkrO0nmoyP3ROA5IUvjtH5qARL2zB4FTNW0+VPJPMttmwQ0gRDow6q3wIpDtHA5IEsvNdLHOy81ABgg+YTdDUjUJlBlPFNbke1nmiPYeIcOqGaGZVkQXj4mH3U0keXJAU0quglNi+cv7oao1cQcacVPKMstjfOEK6lStMpUapzSC8YK9ns/3ioo5BXZHjjs9yclpC5BaTij8VUMoEbOAQoDC0YYgrJDAO+gVPaqKYUTscgUViH3QPOEPeahgHUKMzEk9VIENgNHOpMJlS5okvOqrQC6Csm4AErAmJkjVR7ZBrxMqk4OKDrt4GT5L3uCvZ5hXgJCcckMUdFjCJwFSvdcRgs5xCNVxoBCc0EAIz+3jjs9xKmsYxtjZrtJ4/ZQZF8T80BkRVTIvGh4TqhTkgMcDJovuFGdfkVEkssWNd5sAITpLnMe0O/6yUBUWjmg85aSnPwBvFWYh0fVCkjRAwYNfJOpA04hUgDPojX2hTmjjGCqMMeqBn/ZUgthHJAimfVEmiwjEoa5oyKHBWYjmEfbCMgDp/KbQnEngFM+Xjjs74HREVqpFQKquRqghU1WKlVFEdFg0OGJ1RriQUBIQrhoiILnfZBt916oAGaGuJTTBV+CHjs0CBi/HaDx7Xs1TgXG1cb1o6OEzyQYX2Z9nhLk4j+ydU3+zUZJ2hlx8lNQDEA6xKnstuuIAHFcKhAT2WrG65sQVlLDVE5MP+4WJvUPNNnhVYyTUyp93Ap2HBEFxGCmuFUbp5her6AmiaCaYUEUQwHjjs78EGmBXantDWU5t0mhE8kVOSjzWICEe8VOVR80cmgDzhZiabJHOJhMcSx0ZacUxgL7Frpc92MRirQgumDN2gjQLmUTeIJpKsTcvsNyhwVvZgua7sm8KUn6pg/De/s41yTZEttaR1BXu51HSqaCBJgV0la3bx8yn4CIF3ig2JJ+SGYcmgwGVJPFSXTnJxVD2tUKh2VFGE4+SGRbpxVaDFRUBv7L4UadrHlCkGuQRs2iRlSFFeZVoLs6AZ+Oezv8Ve91XTEigdxQJzI+i0lOqWk5KJ9oGEBWFANFHVHPAIERd4FDEyWzPJYC+b/1R4bMIU4PwCfaF1wtkOs8k20hwsm0axvLBXWtmCLjx8SmkV+lUKlg7R/dako4k1EIDsuPZojSlfmqu6jRaBO+IXoRrcGB4qK1hUAMLG7hHVHB2Kfma0CaaPk0Ue20EKJrRMMVKa+ccyi0BrfHPZ39YlWv+HRwqao+0dmM8FFS7VTEIikVTadswegWAJyH3WF0mMUMWg5/dCk8U0+0JoeiPVE4L7q6R14INFpaPNRJyXpF71jqSKrGOWLv2VpYXobhLDH91Y/hn42zx04IGCHNDh0k0Qwc5wp0U43ZCbF5zcp1lTihoeqmZhfZCSAT2eiD9cBosL4REwW6Im92cVEFhp9EK0qIX0TiGkc0PrCFPHPZ7gXXuANfJfm0Th2mmo6I0P8AZD4sFqDMla5qJMnYfmFd1zQiDmhJOd7imwZ4ETkgeybxvfPVDGc1aWns5NTvbOPnwTySW8UR6y0ANWjJpVjfmf8A1HSg+9cObSfontFy1dgHT7NqPlKIxFmLpnAipomH3cRHAoE4sJB5rO9g1BRREU5ICM0ZAphCL+1oZ4JlcfaGqivFHjMceSmvZwyqrwF6DhKDhdOatGzynHxy0SSUx1kAPPuD7+Y6qYLC6RhmjDWgIGrmhOxaRBUk1gH5qZDiKeaJihA4rW8sqq9niiZVIIxBhE+YIVKjKFZtkufoFN31hEO6DJTj/dAyIxlOMurjCe662dRp5ImMJd6tuJPBWYa0EZtNQfJNAa9j6tl1QRpP1QxsyGvBGtURS7esy36go4PBD2/9MIYi7BnkV+mChrmvdFA4dF+moVo4AtjtAnkrejSX3SI+KUx9zsOD5OEiMk2CSCC6DkjRwAF4iIKbIvms0+y+iuDxy11TqUfU/fuZvISQE4T5bNHZLgVM1oMFo58R5IZWVfmUaVKnsm9RRW5SvVewHXQaK0GDPdGiGAFANhyiUGAgaFPowFTebdoZ6oH1jZybaYtT2hrLuMDCfNeoFk7oYaforMdi0D7r51adEREekESrxDLQuAM8ITWE4CXQJhF9zHtj+EwyajCcMcU8En8QTP5S6E6zffszat7JGZV98MtDfYDk4HE9V6Ral9uGWUBt4YAq2BdYudHZJq3tTQKjHBlZINOiFo5lm4kC2DAYvHS8vWOvO98DSiFoGWzgHerJ+KuBQDZHsmIxhDGPG7hEtxTtXN/ZOue1GU9w1t6oCHw1RPaDwRCZ8JrAVRULTJcwUEWmCaAQsi6jUJAa3JZXtgRKxgcEQSZH7oHIcERirW0a4l2QGiBDgW0Mja1tk0H9LrxTHaTxVxrmn3HNjAhN+Gra/RMsyS0nIYmDwQN915sGDUr0e/aOt7N03r+Mz9EWj1YsiWsY80wJrKEX2WouNN2tTxVq+LWx9HgBpYJM3k+09rEOtDXslOH4dw0nRyfaNe0scfWNu56QAhaH1z7WPXWZbpyVjFxoF9hOd+PkvSBfdbOYWsplxVjatZfsXG40uHtF32Vs0F5tbQNInQDFHA+OCAfLuLkB8Z5c05wBltNFojgRM/LNaWgvwjgR2VNIcM0OKGJNQEK6RuNEqQLwzV692jjCiqcyboE9UbzSS3tNI4KKncJk7LKbo1GML2muzbOX8KKq1HaeJ68FalwIDAXNcfiIyQsm3QLItc1+N6FZujN73WnvHknsJtPVA9nqgaD1c9iyo0nSUC5xs3CKnBwpkn2bQ2zsTAvHG9pIV8PiyLrV0Rg5ufNeksc4v9HgODzhOisHMb6u0AnDNwVoLOXAj1Zcai9KdDosjLDezCab1m1wxHjjA9wMeSvYqKlp0Q920Cdm0oHDgm4g5rjgjWBCFRdAGK4rAkDBFvOEWwRkFFLojBMbPrLQTfPBBpkNEVKbgQYQEd0+t6zNWcTwTPaZAaXEaEVCcGlpa4PBBJoeKgets7stlzq1CtOwABfcY+gKs4sy6ztL0MDJgjVWNkX3HPmS2kBwwVX3jqBNFZvq4mWXhWCF6Y5967/xGFxmSql1q9xLLQjgdUWCbNmBcEMJNWjKEPHPArjKMexNF0/cLKe0fILA0hc2/uvhAJ+kpwDoPFclGi/IVj+KJ+aM3rnaCOJuz9F+2uwYIr4WrJrT9Vrj3xi8fejRWvtesqQcJCY4kG1b2KcU89ozfDTgRVOHsvbhzOqtLNzXF2FTkFVwrLY0AVo6SLxs7acK8OCeTBe6XluVMDCsougdmIpkmABvRCokf5B2fYdyWuq1GziiMBy+iszchuYFarDsGFragE/Nf8sLg0BH+jtvbnOspxBjiFk11WjkEMDFRPFMw0/yHNCNUDQFD4RKoCaBH/S3zKiOwJMc0cS44yuA/wDbt//EACwQAQACAgICAgEEAgMBAAMAAAEAESExQVFhcRCBkSBgobEwwXDR8ECw4fH/2gAIAQEAAT8Q/wDyJaSolRyh1EBsM9EdBp2sHCBe7V3zEjUsN13BLfyh1Xshs+6ZZCgUyDZf6Ml3qvd7hVU90v5Ql8aqL/uRjioqD3b/AIbsCFo7hlaBYjiZdoqEhCfgRoNTQYTY9uyDBkw30BC3JiSlyqd/LPsm5fB2xl1eKndNr5Ud4NRiCII2P/DNhPQLoVl4N+NQ+Icua7hdXM8DCPc/EQKMexwqhm5BmWBv1qD8m12Szq3bCOehBiA6wn6ELCu+rVEUsQe6j/7SjhwErt5tn1CBb7KJRLXYmOKBrpVjVKbpcVAml9LiRbV6nmREaSnp/drcBFp6dXuYJ9zT54CMcm1/kpnclRH8UNqwIM59QxYoUs6gGI8cYaXyztKQVJEcimIb1XEuk5ojbSCx8zCYl2SUOthNAyRc8X2bZNM/F3Q6HB+kgSOCvSKzy1kSkcK/t+WoUCNoh/uIWIj2D/EbS97ZFMILhVPuM8ORi6ZdMNNQ+WWSDlBNgln+Teid/wCFhsL0QbX5Ud4fYw1G+pwa8y3lIefrtlQXD/chklcUDYgAxFbuoMKWRAW0ExQU7xuIw/6IVcbqtZ8QxcTVCfZj4V21iOnVStn7qsbKsryvUNUDLihgB+gEWd9fiIcptow8RJeMLKPHHRhi4ZTKDAmtNXo3Cpe9sQBlBOenqyX9Qtdpf6vDvBBBeUpamuEjODFVxSibqFo0fM2oQML0xaaINfDUHfCQBUBdsSQJ2LtP3GLuKtTEvliFFQCyvdN+kAZ1DMeVe5jowrn2ogCrFhr0qErIoFGf2nr/AIAgyuiR/AIYerxUrzUEdC6ogeWplMeIaFMLQt9CD8+mL9Wg8t4Vf7nW83d/UpbmlCwedXi8RQj4a0GKTEU2iCIupm8wa+DSg0LF7zH6EWIBaMtWGHROpH90sa2wHhw/wD5W+o2JDapmr7yXEsXxFSqY2pEDpEL2jG+kKRdllP6EQFrGSgbPl1qvrkNOkUFMO7hySpcgE/UGqvfQ0/5HhgpWsRcA2qZZ2y39JDc20wFyWGgYG0c3EpLIom4kSsbl69oV2pXSVXIhOGMrwEm13+6VK23Ok0f15RqGol+KXCGXu1TDC9YhAKQIjBxiA4F+oZLhPR0+H1ofY/LAlJmPRb2/NdivbxpKl4cyur3qLWMkAUkO9gKRjJFY/pzcpTSZ/wAp+lZoRE2an4re5UwohSgxK/DthNKYNkJKOGHCeT4LNzaJRcdtT9gcJ9fum3U1gtCjrEtS/GOW/wCf0BkHCKv4IGxYeBzi6gkUMG4G4cNaqfZCiCHVk1mJENb1CU9DUpwpkUhzo8r6hV4A1q4VHaKeoH6zdBQnQMsveNyiYDbJH6+KACsxkPuw1CuwVRNx/mv9DNlyjBjrBCoJCNFhPtANI9VZePMLz/L32fQlIBhNAzCmWOQi+Svd2B/dQ5nrAG7GLEmnAVyoP1sQDM8TH0YCglJSKb9RNIOGAFwxUIj6JSJsVZo7uZxu6qPJGbqVqGBqCkuS2pjULedx+T9BKWgBL0rXfglvGS6MyoWQiXINZUnofqJY/AUAtWKu4+vYMSCo7tn+IWSmS8LmZ3ki05f5IfBpiFs1cN6W0MvlZSpRdGuICKIvxBPpqsk7ipa8Q3Od0ucL1KbPYR2R1CVjkYWRcruNo/d7RDfw3xFNqUmWdjB6maBDJMx710XkQf8AAGYUTDnlJikoBKVWUSljmGo8y4IyxDLn5X+jagIOwYwlWnQoqBEKR3/iGoW64QhrSYUQGdSp2y0N60DN0SptI6jzxCuo01CrDcpyZyRy7QKRGknKzUwi4vF0wJcr4PbJ0qEoqyVg0cn937II/iLuTL2NfCGqZe64Mw5z6BC2BpYjBhkeiH/AAcEI6AYixzkHD5nd0d+I42Er05xLQ8kJuZYbQUuExFL9BLeR7sFjjSi3lcP+GvgKg/8A0EvlBMU/UC4HIGAKMxSV0mSvJyQoNwfGhF5fZM1zzhDUVr88hNt4+F5CbsHCIL+YZYsbfjUFNLL3iDC2XvwOf3ewG0v4hAZZ9qRjCBcdGqKhiMwqXDZ1RGGv1u4VweGUrpRxcS8UYoxBCsT6Aw9gICwHJLgnSRRVlv0gDwV6FIpI2rgXCdJG4KQdiSv1VNfF844DIU7QLTChqXFttnzeOFOREBKGIwrodxKd0Rs3CeyHlNTC/cuqbULUA3UssdGYFSt6hBGGYzQUbT94FxoPQPi4e6Sl6NkAFkASzbQ4jpYv8Nxhr9ZBtMUYBqpUq7uLZNkwIbdww/dwqUmWXGx3k/SIA7fzTWyEqiY6+NSv02kWg1cRJWiHbyCBSJESbDSpwLqA0aiqDJemamZx/qlNnwHUA4Y2kbtrYYdsYAyseZfVsu8cMw1JDRbHYvufoq1S/ET94HWZ306SYkX16EIscskLN0GI1adsT/WYBfHj9ZKNllSDRYjWAEAGozsDi4Dw7OmXKS4HV0rq8MXcsDsT5r4NGuAAqYyYBbH9FfoZpWAuOpJeN3DyJCcculI7pERIdP3Sm49jKe3g1D1NHpDOJq34LhxEZtXlpkIjYYj2NS2XQWF2CfXtYiOtTB0Bcwe4TRfCwRyF/YQ2r79p2/eBV2n15/mLTEECpxfgshcKAPqkyfFpe/MKk71f3hA8qsG/zJFle/Ov6jEqQxTHhwR3KMDy6ZrZLNISuwYUjJGvaqXxptR6qYRkpIpGrR7/AEsGy3wwXL+wFcEYGO/8JApQTbvKUJIBuH6rRxoRnNAgRgH044DAQRy/AqDxKonMt8jYvdw00iC1yIhMhcgERCUrgM5U7KaGK03h/D+8H1zryDKgQoWrdqdQIV5Ef4QiW/ZsyCnYpjqNC4x1CMDrrdY8DE/Xr4TUnfUP0WnZKmuzZ6jMYzA6qqjquYRSUvSvDLtiAkfUSSaul8kpmJstAjWB7ErX6ABi2wx0LoJw35Iw/XqFlbHRlYEZLo7uEb8PmUyjgLScFQAUHw4PMoUi9BuoYlovceR8HMChi26cDDoMrV60x4wNSWT/AN0/vAn4PSAVFwmxG1Vr5YP/AEWuRZWNSikew9bxGoZKjvYQ8eu0gkghDH2uT9Wvmk9iTuQtlru+FE3EocRTv3jZWO+iMIwICjrCj8ktiGDayMB3Tf2lezqTUumEhy/NfglrVQl8jkfgz+rJNG6DKDMIqF5iRLSNzvURXjh16iJY6jYBzDu5izCaPEtl5hMGoDdkK3rmOXcnIB9wtLpfNfvCv5hQHSMHlOWSoydR0vDDKaC0gsMSpqyF1LEVgN3EjELBwI/q8raVh/TIw+Ovbklcq6zCwfAaYLzCOIdaUU3AYZV/g/7ioSgfy5YCoP8AB1FZKi+yZ+feYJunb7VfD8EqtMGO/wDTTP6yVz3q3qf4wDESDTYxnFROELnSBsjY9qO1CBXYTuwACtxMZQ1Kg6EiwrBlsWlxP7yEG8UI4rLcpflbkcADK05EpssdCDFOh7HgxDYtuWygGXSOlux+o+GHSv02lxYFG98NfCPhxGs3S7+whbjEgxyrrqC7kYDnGvvEUL1OlIhYkKPIkrslLpTaRDz6D8VD/BU1Hbd5ghajcgvv3jTgu1DBzSw7QucZYsWEJ0DAlw2rj0ZdRkuZudzzSoQxi2GPXMJHQgEurh/vt/eRtOOXHmIuFqk5qcw5ghMwdu1xB5xIaeEABA8CgNs3iJf1nw4dthEd5bhAhGy/mJHHogTioC4XqXZbUuzp8lQBIEX/AExFW22/mKamho8WZbKdkN/SV5Suc5ppcnyfpJXy89RfCKIoR6lNBVTgiJmnHlFb7qLgOxtaEXJ5AeyIAldaZnmOuJcUaFkX2QH/AE+CPxbk+X95aTI5Sq/EDr9BPBcWnYRGFs4gqHXpWPC467uIeIFYQ9fGVX3+sPgittDP4S5c7yZIWfOm0mt4VPDh/Alq5NjG9kRGQU6V1Ek0i2xGAm1jXRSvm4foPi6l/BxJmPVSooWQ0ZGfASsFBWKXwwEDehjOZKgckRoUXWFIJIBinEt9YTSxmiB0MtZMqA83DEhQxy3j96oPcCy+9wiJlDVZ9K98A6OiGV3H18vtl+QVI0QI5ORirVXlgkZINWUI5XAjNkeAu0xmKWLSOosRBGmyK2RvAXUJsVsgOxfgRzSWuUuDQjg1oEMIYC5ET+GHMmylv6ncpVF4Rq8J6ZVcrmzXIMQMQ9aZrCwnDKw4RdoeAQBRQvlfZwxkH3gJ8X/gIShwoLcJAuU5nhJWhC8EYD5CVOQK+B9aAwLIH+5unJHu5aoV4rXeId5fcqxZEVv6LDKBOwQu5ajYDRfzBXNMuMRYOxs/e9uVNNQz8ls5eDEQCrJAuqLY7I5Fo5IE9zqmw+olQocOmY1zFd31F7qPRYgvPTBYCtDTbpC/xQaG7IG1Agkw+N1Yq6YwRKnbm1LtgBdsBJZhHNGpWzDs8MxHgQfkYFdWcQ8vJT8mMwCqf9WFUKo2eiywDMeR9Qw1GksiPj46/QfotZRm5idb9sRaP6CpegnMe/HRH+iYjgly0j9uYpiSzrsXSbMaRiq7+Llu4I5aizS3pY3K3mKiTf8AfAUpwcYG6gdoFLbWLOyVFZhVCwVUcplkARDxA1NXRCTYVYWwEICK9NBcUViVXqywdmH0YbALo/8ALCN6bWtVcSSoPIi0FWgw2Zd5JTFWYdVAMOsl6SJztCJKowiFQgIUQEKgcEaAElGN3FoViHjw20ihScISmCdDE+GEZGWcdGiJgwpWAbXohICs3PR0RGNdIAjkYWXLHpbtXKlxBY8F/Fi18N4smgfpJdty0cTY2XFoushyaf3wXZ6vHjyTrYztOPBj0OUxA5UiZwVCdLJDKEBHzGUNrqY3JAtHSy2YFqOBe7sOgTskozGj5sr8HDfGTqpJfFSUhR0x5l4LaRY9qaVSAE3qnh/EVp3ud7fnhJYjXdM/xFrtj/oz+IgxuSyLsg5eQ4oXUFsSLVdMZEPf4sB/UtLQmUhKTZISlfmCuKWihGjBtaqmasMLLK5TEmnh5h/doeDoKjGAEzP/AFnBHLfwsYuXMNZdt0umEWyKN5ZyiMi2b7qOUWL8VZAHZ+oyP3yjW9hYyhqxZ/3IhAInAahxXd/gO19EDkOmX7IAuDRoQZ+1F+DGLWzQawQGpq6wQsr06ohyKRVx+1LQotKuqm92mGO0K87maElSvhGmoaBd5JgNnmVKlCm6Py4h1Cn7rcaOXWGB5viXqyBJwW1A2PgIp9dcEeeCYhihv/mOAIsWbMILRMyBq4WdGIBCxKSE20tiSpYxgZVnAqwZbitGlBTpi/ASETdgSoNoeFllx++zo/cuOI6RRy0NFWIxBQLR9F7T4DbVXzBEusxCRxbKzgAlgpf0LHcS4vXKZ6lUdFIA0YdC545J0NypX6KlSvjTBPNDFqtEZzU6NyuovyXGiiOESZVHUm+6s6b0JnpgrKHiz+SpnTps5UGGPcUWHZ3wY8KB9x+bqXLQipp6Y/AQCgYSmXuBZrH77HwFSOklUZk1jRPRxCcHzncfHwu1ujriXlhypl0geqSz/SYhFpO5RzN6ajWuPL38klqdQIAq+WMr5qLWU2ckNv5KAIVM0y2WMFezWEByoBzHLcXq4GVzrhbv4vSyqtEfgsbsneaImk8TPdRfgkZd3noU29kvAQzH5NPa+14IQDiFUexICCbrwArVPZUY0r8c/vsLDY/IYP4fAtBZW+pRstwIrEIUgEfi/EQkKlfkiVg2yNKUFDjkSpXyIqDEi5Xw4fkwUhQQMdkSGhvNdy2eWbXcrjF7tKeGJwvkLV+WZlbK0+HPMyzK2A2FPX7yhyFLvgRal9uJQD+eEUMIhj1aorfqUIpeAowPRBBc7ARNm1JZbsLjNfMJCFy9nJEUopGn99VP6D9/CXBzv1KQBqWR4+Y34TE9My9FT2y7iA6QS6M3uatz+XwiDcwV8JQhRNQiBmBLUJmyIByvY41zA1Upg9FLizcpvOpa0VBppH+viRLI7bBWmT7GAyHvte1gwPcCwB95X4o2xvlatgsopVg3slFQDiEgUAwT1ShN7hJFXMAOhUP30lXaP4gvlzLbfL6mAOf0I2MxOIKDEyb1ETIKSI/RXoeYhu0B9wj9AD6lfIKAlG5mEb/bEqq8Py7iI+ZB4d1uApMMDh2Lz3AzLGCqSHD2bZzE7Di5VAo9rKqgW0Kz+Z0kHDa+phBoAlEUCOxlNuejkLXMwihJVQHTGKcjEZZzCnMQQKUWzl6ifZkVBlNgxXD8zlpCqH2qCNiiDQ5wsv8AbNsdc3MwXbv99fQF/LNw4SkEcPY+C3LGNu4YmMlCub8R97htwypjh/5g2D2foxU4CMXxDFITIyPgVmLraxkW1EvY3swiKK61TKk9TsxuTKjMgPVQq1QHAERr1tndpvIuZl3mgs0qYAsXzmWwUAcorIOaiON8X8JSUFiwb83NSSBeua8xUDUXZFyDByVG2Y9/8p2r8w30AkqWhaGNBOlEmBQgHBKdEAlBhFk6wbOrgrlLAJ5/feK835J6KLDi4+hoFwkgzdM0VkW8MvXiOHXNn3LS5fHU+mFSFb7WABRKlZZyYi4QpCzo3HRgNUllm4uXAPpYq1D1f5cRA2GirVqKTqOc5hIA+Af2xC8gMBUpltaOFsEQ0RjxSyBC3C7YGyLNMxVpa3glw5hVghQvDnMuvHAKC2z3Utsi6hVXrEytkv0ZJSYIhAwTQqb0pxGsBkczJZoSytRi8ahQbtvBNtoxYSFVcOgNwfaH1DlgsOIbL5I96sSf32q/8eJm+vh80C6PhzMc4OpYSx7i/cqbiJ89PxO2EfoxK+LtlGZpYLg3c5x6w4DiJJTMKWaE/qYEA0Duo8EVRgNZZlQa0bBoIGGCtVDxPGgkxr3KPEjTIQwEjRoAMSyRbKwwJYTNV2+mFU3GYKxZsi0KgUI6zxRl3yyg2KDeLjvPqF1uWtg0AFbdRmQhe+PcpR4FZweYQEsC5Gm3GIWEDmtyVd9wVVQ2c0C28iKWnOOWLpuBZb8x4NPOpDH9si5ZdkADBH991f8AnxGPpjUDMv3KmWrPtmyZ2FqwQwlQjZAAZQsBubd8WjA4k/OZ4sSiAruU4R0GkWt/9w3xAuxvqy1EZWrwIoHQYSplDw5KfaAQ0IotKvczKCoQUcI5DLZ3D+DIVHoVUC76pgaI6aBJnJsyF2RzIWZKcXqPaAMWtHKyn0hSv2DKoBkLhOfUWJuUK6bP2rhDzp/SIUBZSi+StQGk6n1g813FefSKifdCvVwmJGnouAoAzfaReyOhtMyxCuL7wssjA8N+mbGo2LgvrxMWkma0S+A2NoT3mUs13MCr/fdy+v4xHfqkBLgJnOxYrm/yhiC/gjuKEXb/AAYV3CA/RLj0msyGbYmpwEWFQLXfD99QgaOEioq5zeimYENCzo9oms7Ll50+eoTGrBgDIi4vuckBaoLVUYOYPdlGHwx4SheAf9ShlxGiOmte4nA3AAZFnW4eD9gql7F3HoXgKiGNm1asIKbbQzejD8ShtzldR6QWWlv2DHqgkq1lqyiEtT5Bhs2cyuonJcnDMPuxqXxTt4I0++aBV45IXlktZp1ayIVsW2x7ON1MMFpUo6HlNJjsBOqloErm2fCXRL5flNGnbXRFhFWjUcUFlIsgJLHT++aRyx/uZeuXt6iyvxGYIYGCWDAbw1cdAGUfKlvrfFOqK8ZzTOLi1w7IbYptEUFUZaqCaQARAswxicqUVfpLg6rDVkzqWx2K0te0iXIpYGwxWG4suVV2b3/cddHDg5mhOu0dBj7jOUSAOqhVCBYtuinzUQj3IIFhb7IkAEbWHqHQja3UT7QeuV4IagoC1NV3UTUS0LkPXcagBZN43iWkTSG67YhSq6og6plHmLJHCzNwJyIPO4jmotZBTIu5rkIeLicLPAzUrWiYDPH3tl6SuwEOx2losqlMiYtF16wTSt5dJ6iSpVc4DLXJKOLMo09hIHe4xdW3B0DQRv8AfF46Fnsn8f8A3jzOcy5mzCawlhF8LmVL5f1B+lBsvVygc0K3nTDF8NaBSnmXYUbfmuicxs0DYFMirWN1W5i/RePNnBBjVaIKmCy26QQWtaKCYzBHe3QgSdczDGqSm5x3MKJq8QwbiOaxUAKteriRU2Aq9ALRjbxBsioNnLiGAc8rIdPCQXugcg13UMwX5bbvJB6Og69F9uJhg6C6bDiMwvBaujwx6mBNFocrszOMSbjg1GkoRdjlSlVFFDTFUX6icWFV2Q+Efu1c1iV/i6wBoU7YBMKyCOf4I1bmQNhko1GzUCxK7ComtbErDZRGqC8uN8YbjVFXhYw6mF9qMa5Zd7Tp481DEwBKUWjO/p7P3uhbCHVBFr83Fw+pzlCbMIdQgXRqmYFpeSHdEKNqdloDnCzuBhMeA0Ltd4DeJTYYJYUXnIbYrZo0nhUtMMllghHY6UjrrhbtEMeENqpKbceFlK65iUVTdbBtGIHNBFdUKXsj36QJ+yINRFCZjGUXEfK5FrWUUi1Jtt5eqkxgSWQVuAqqti2q2LnEizpLHRptS0m5ewIJC27R8EqaGIYvYrfDxKBsQmj+hMbAVVjwKkbliUKLiniM1cFAS27W+Y3skHIA1VNXUoEaeO6GYTptKqaPPEtXlBmmzYkBVDBRozxEzjxW0DGFBa6xKp+FhCtzRoC17TOYR5GFXxcXJQYMCG2uGNhgckbKpsUJRGIjMID8XxFrFPDMRs9v74/hf7RbI8vwGWG4NQQ9gTOwjYw0CUgsDBekVHpif3Us5FV08sEtxoWlHm4VHLWDeWZyxnM2cCH52jgGmr8MtAbiLegX/UoP3stASOkwUCK/OzzFLuvBviDVaeYH8jNL6wGzB7nAdLmVoUAWg3OH2X/MpUcrn06aOD3L69coCYobIUcMXEpWNhzADHVDaM1W2CSlexUdZtOEq9ksZ3AeIw5xuNJBQDQWSsouIgEaGyRBC8pYDurCPgsbDWt20q1QVHEGuxdt4eoVvqjRaFaSxtbXgqMNgxmWnEwW6DADHqaTaLgwrAKx0eo9vAJWOYIJWMulh/cs/TaxnxHZso3RqV1Ec+evTGxBZsJbcNy4s5gC9LIbw0y3svHcul3b6Mn4/fH8b/aOn1Mr9/Hb4azhKsTtl3gYVwsFPTCV869FVDJwu0qCVUZCbYSKeAYvmGgQroJQug5Co2JPHgj4OV3C04rUqp40FQQXXhOAHNKZXuqgWOY1/Y21GXVNNospCZiq2bhV3hohCDQNldA9cXNjG2D6Zzcp9urU35KZjq+t67SseWO84Cw50MBF1ZiIjtVgc0EskQa903vgXBLYaDCAXddN9TBmFzYQtnKwtD0LwC+yPqWphgCA+jB9S3fCxHgcCquZV0raL4IaoGnOtub7guIXYH6GszEnNkBpdJmDmWEWmEECZQVFGm/Mb2QD5xUzFaOI7tGAJj3NZ8YYF02lIR4qkQrC6aeYSZKTZddRvAtjkgXvzALNuVji36is1at5y/2GJSn73/8AP7j/AKg+G7Npr8KIdiPQaCEUli0Q0X5ZlDQKkR5Qo1w/iBAWPi7f5I2bMBwHG4ESX5qips+/AuZVroqqq+BLgNm2E9rFjcuoAUFfZjU44+AQLAWoVQDTwcNIORc0ysK8U+Y7IwG3XJUEUN2E1+8CS2X3px7giZQZOHtV+IHal48ZQX5lCcwK7a3khPrBqsYJXjiLK+FnAQoUhWXMtPOo1VQyyrVaZuII7bYR0FjymO1LWQtXUA51dUEawUNwpQq1oIaeGYPOvewbpm2xUuZjSNKzRjnHPj3MjGQ4BcloCyTAOQq8nWIkwJYFA4vwylh0oSiDziWYKW2nTe4xsZSeoxtRoUN81HsHp6Xw5xBbOmFy6H8S7uaVSm6GfdTdv73/APD7iwfOsptHE6bcuftic47o+TEasRahW9lzajpBRbrQEViUhdmKzACgvqcPdRVWKG267iZNWALKz/Uqakosh93A2Lr4av8AEomFYI0qC61KrmLWwcrMfn62KNbPzmLvCdAK9iYc+JNedwKshMaEBs3wdw3p5RZMQtK2qg6KPwSsYiXVRq955JbcvS4gKMthMYaLZGfjtYRNzE6yaGcU4B3Ls/QNhhM6ZJfYLhpSujm67mjIVJlbw/tlztqxvWTiB8zHvK3y8lm5RbXca+0tzHHhJ2JYsEqYXsm5y4uEeI2oOHdHEumWpzbyWQEICqH4jluEUXQo1ULnJ1YRTLxAo6XKxEtTLO1mLKFVjonVTDgMejoExBwudrQHCepfZ0BL4IuzMm3kzUAr/QYFY7qFt1uLaMBv7fL++P8Az+4/6mj7mCx0wsx5IStJItgxfhiDaso0tF2y6z5plpbZlSMbdAf/AMgDQBBi59wKyE3FtOO8zNzG5i3fEA2MA7TsEJnRQAF3uLZR24TCu2KljtUUVEuAowxE5bFxd3LTtHUhzezpB4AkAOROXEuyGyQgEAAhrM2huZUMd3QQoyZ0q26WO0uKRqWmQKY74nYo3weMKY+nWrKFGlYWrhGrb/n2AvREVbNpvxERAz1xLHYG1nUKp6Czb4BgPSaCHFhm+ElGjR6SVjajeJe286hkps9jkUgpGudEBvCq3iXqogNCr8VLyyti0rCUC17jAGCdl+ja4HbQa1GgfCGbTasfQaaiu4AanQ2KhmeVzKbveScDJ0+SpMdFKeXiNhAV84sW/IVKdnId82e4HMHAUCh5P3z/AO73Npzr4ZGLMapHUDSgsQj0p2MBEwJMQOxwDJ+GmW0bpjQ90xCoxQyNHu4i2M0BfYsslMUwhsHVpshgjqFF+jzGp5MtFeoGEbcNsOE2wwZvFCh6KlpyP0bsdS6UbUoqzdiCB46gF3WVMG2yLxAuZvZVg4t8EQ0wFbh4guNEXdQ8m0hU0FSkfxoJaBlfAc2YAaIeUBijKvAKWegqEjqs8HqsRYFfMgHZgh06ltsns7O8QTC4UNnqG0dRNHlfYxcO2E4V4XdeIFp0yUDW1YpzBCk5W0ccMeNSAcm8BncVyKVNLvD+pQY2pNV1zqObCUZizRLJK5VdO/EGUghGq3AAXuJR0VqMNEgtmz7ol6mCIGuckusJnpe+43ZQ4LHIsFoRxKm8bKvEupaJbbRv+P3z/wCD3NJq/DdA2QMvM6cMAmAuHKoC4plW8X/rg6IPF0/zEgVSybrtCY2QMtOWuJp8DLeX3qctCgT3VajjzA01lcGA5jNgbIo/mkBE0nL3ZkTEZo4ACejoRyKVVhV+cEVcytVi4EEoKBdijvQVMcAdHik6W5bQhvZ5XGuNSnLwI2S1GVVCuYaAJV36RpOVBywywhftSn+8BzNTE0KBCPaH2m8p3BReqwtphWQ1fYNXFXCkq8NBCjmlVHFFUW9WDYW+5QriApVZFYglR5Czv6rUol6aMSXhEQhlZlZ6jO0swCHallNBlaToVavPEAKSl5cQDoKxBYzew57SrnNLqknCmKy5VnZc1SYhAFTQwDzgh7ll+iG6CxMQsgCNw2CjawRUOOmN9bvuxbMwYRAWPH751f8AzcTbwwWPxwX4GwlgNpEJLFBCJZ0KmF7MJtR6qB2IhRdCDM4bsDQPRAyTLXAfiXF/ZpeyDineQ1uFg1flgZzVYgkPs3QtolMwR9AbNMUwV0I4A3t5mUxSZoeDvG0izzCFq8BfDMqeEkA5Q0aYzK+rqWOh5heR2BYFNq4Jzh3c6trjDUerXJaW6hhUESBtE6FD7IBF27apCb0jiKDdotAL8oVJV9wFqpquGoY2opjum98RGtubIvapITF5b76Jkg3hVraOi++4VDeVyPQlyuWUa7loAND4ZgkA28rGPUu4dC4cKXBCpUhYHYWguFcQVBalU/EMC/RypByXCuHOAsQ1gaEYX4JKYLkEI2tQcCahxnqFZT6JTPNBeoemB+pS/fL50IUATWjxmng8MGU3Y8sfHX4CRtCG8mq4JCNZHHGgJNXEqp4ARJKJhHmyFKrKoiA91xtVw2hhwu2vojTCKZdYRHMVekxklyBoKCwMpFl02ZpI5CqFVbeMwTaZaEyqIEBE20FMuj7VmlFvxHBYK5QZKO2CAG2k2/Re9x7EVZt/cPsFrw5CvUpZCC6d0v0rMPltyruhRSQYc7tUK0EsceoOJHZzv4ggpNupytimv6YdAcWgmKhU8hLwQi+qc2Z3olIaAZfW2AuMFXvVJ7Fhjn1TB82s26hSbikGRASM3aZaKY0qu+iBwHzBsI0upS7lP5bOYBZfiYnJuBlesMAUGCrFatSy0VhMsWH3NNHYNGXnPKG2lCuGmeYyWG32X++FAVaCFRV/qMX6IPImv4lSHqVEG4MvwVnCUKukr0EswzVFV+IihtcAkYhuIBKw33iAf01huPwgABvXhinmbW595g24MYbhW8xVLqwIA57QQSqzZbGmEyUydz9VMlLAktN7lmFN2GyNL1ivAFKqg64vEWml1bKavI54YQgRhKUj7KhyOXZeSCbqY6X+2VW62W3tgQmhVgc1yWN3RYXtetuZu7zkKUPOVzOrJksV/wCTGMoLHA07XTCV6AQBw1j/AGywWg12wbUYYTrouYgOIgZ4EOGxsydmmIRZTAtUKoKKpqVF5KNGATYiUxTLKRAdmoBSpXjWBgwEKzOIDFr2NWFTSSHdsFkhioz6dm2262MeDQ2CvyGZlrSEV9omhGbEHL0ruqkumC5WxJkQmKDCxqwXyfve8OAtA8KMvUC1/BKlQb7sq6qCXqHcEFV7hzMRDELy2krBoFK3B1zt0pdo6T3KN2YqE2dZi9UGFKdhDV+cke0pj6z5u2Q7YiKg0cjxDhUDdWXNTNqgNq8wVsWVFHGtwwwcZf0DiL8avBbhY8WRjbKMRkTbOcVLuLtMhccjYrrqDn+oNQdd16OTojV5NLvFklpx6IgFAfFX7oM0UKm4i0NGCYwpLxVsuCV7rszEeJrNJYabQwFUISywLTQ4FlzVcSLR2kSMJPKpQOim1BHRIgrtsZIt8Rx/6aYDLgZSUsg7lSX1tAip2qzdjMuIxGWzqizw9MtMzrIBDaAQdfdBgQaKs2uUkKFnIgVaiKFUN3ta2XIQZIQIQJUd6hvUVyQA2FPBEZyw4W8n74K9/wBslAGWEF3M8GZgEuFpsV40xyLKHUxi05bk/cYKjmu3lqJjkoAANtKGFEWBo24atzLmJq2hjOAYRWFkZT2BZcX4IR5E+8p7xAl02Rp4FSnSjJDuILMagSCqvpIYDM0MEW1R4GA1orMsAIKu7rU5bgnZjnXpzKcAA3zVljQ5+kfOoJFN4T4F8HH6LCGW8j8ZPa6OA/5I3eugUwyuztQADHAgoYeShw+7TmnoLYSOUe1Ay07HEtRqchQIXg2TH1s3nm0oe8SqtkRetoWiDBwCLLwVmS3RAYciFlrEyTqnUIoAI0722nWPfOUagN930wtFJpMMJTQaKgXMd3CD4AjRM2Bg8KztkIUh03GLBsMry8v74F6jFvDDqYSxGZiXYXjcK5lTMHXkYlDcTjL7v/ODTLkDCJDwAAxXm+2FLmmuqwfWAsQJ5Bq5bgVdMuiFR7wGq3U3fELeRSi/ySDqO5S3YhC7bKZvtRGiJkoD/slYApyp7ZZ7zdYHuCBPoCOGIJCCLbUyrE1iJUkzSW6mnGuBGuOpRurEsDQ1slOt0K/xXC8KjmrZgX9wsAWjc4AWDnuJGi7p4Irl2w/Irr5ECtOblMQl9NQ1ZIcmsjxQRkKAzK7NBAJpqJklO9vIHak2BHkEiKy7DOSPXdVxLmRnpIDIlTFSsB4PVKrG36jcCtILYYD6/fJp8dlfiYED2P6CRdtwI7dnTcUIMqyzHtI7C1CVneb/AHDlfAut07QhoM8xtQrzZBcikQhKHwqqwfPYqVJIUyyRuFSq8p65hXDtHSdUyR62jStexalIQgRkMWuVRx+q4HAYWPLMNGTcEUEIsmKlMqNdLBTttGtMcvBG/AzfZ8sXL6QYCsse4qlLXb/lpCNpjYgPTNQ0rfTX267hk1palqc2lwlE0y+zE6XGZhiU3F35KpGGlQQmxVFjovQ462Xyx159+M7Upb0WigNDF7di4WKZywEmJpeajAC6NIEClQDT/wABjlbXVqnDM6KKwcBNkbZasO16wy4A9WariyBXvJxjMyn4iXq3FhSOMQGLQNKDcX9SLJ/EFl2weHvOZpDvI/xUPVL3/UkVSFS1cqv/AMa7vkbonQcN5jTWm9VkETJBYrTSX3C81dJ7lbFxGbKxeWRyc6gg6Kvn/gaigTt6EYCuzfquoiDJum99Mvm1kTRt0RSa2Uafez6mkRvPSrVHPrVxVtcODyYD/wASbJIR0i7f+Uf/xABPEQACAQMCAwQFCAUHBw0AAAABAgMABBEFIQYSMRATQVEiUGFxkRQgMkJScoGhBxUzYtEjNmCSsbKzFhckNFVzoiUmNUNUgpCTo8HS4eL/2gAIAQIBAT8A/wDEx0qyGo39tYmUx983KHC82DjbarbgjQoIVjuIHuJerSNI6/khFHg/h3/Z/wD6sv8A8qPB3DxRuWwwSDg97KcH+tWpWE2m3s9lPjnjbqOhB3BFIjyOkcalnYhVA6kmrDgRGgSTUbmRZWGTHFj0fYSc1f8AAsEdtNLZXcpkRCwSQAhseGQB/QvT9Jv9UkCWkDMM4LkYRfeau+F9btMlrMyIPrREP+Q3pIJpJVgjiZpWPKEA3zXCfDyaTB8ouY0N9IN268in6ook57M1xJwsusSC8t5xFcKgXDD0WArQuG7TSYkkkRZbzq0hGQp8k7LycW1pcXBBPdxs2B1OBVtwrr17iVbEor5PNKQn5HepOEeIYyR+rywzjKuhB/On4V4gjXmbTJMfusrH4A1c6Hq9nAbm5sJY4R1YjYZ86II+cqO2eVSfcKEch3CN8KEMrHAicnyCmrTh/Wb39hp8pHm45B8WxVp+j+5YxtfXsaKd2SMFm92TgVbcMaHaxqgsI5SOrSjnY/GrjhrQ7mMxnToY8/WiUIw/EVL+j/T2z3V7OnvCtUn6PYcDudTcHx54wf7DWq8FajYr3to3yuLxCDEg/wC7TIyMUdSrA4IIwR614a0mPVtREU+e4jQyOB44OAKihigjSGFFSNAAqqMADsEMQcyiJBIRjm5Rn41G3KfZTUOxz4dvSkbfBrFEGpDlOUjINNBC+zwxsPaoNHTdOY5Nhbk/7pabRdHcYbTLf8IwKuOCtFmcPGJoB4rG+Qf64NQ8GaFESXillz4PIcD3cuKt+H9Etipj02HI8WBf+9mgIU2jhVfcAKPIAMRqB7qwmc92ufPFFiaz6K/O4t4fhvoJdRt1CXUSFnwP2qgf2j1roWrto18tzyF42XkkUdSp8vaKsNUsdTjElncK/mucOvvHZdXdtYwvcXUyxxL1Y1o+sQazHcTW0bqkUpQFvrDGc0CMdrHJPzFOCDWKNEZFH523au537DS71jy7M0QCDkZFcV2EOn6xLHbxiOKRFkVR0Gdjj1rHLJC6yRSMjqchlOCKHE+vKoUai+B5qpPxIq7v72/YPeXMkpHTmOQK4BXFlfv5zqPgtbEisVsM/NFDYUeyTr2IBgk14n5yCiPLsFAHNEDHtoDej0rj9calZN5239jH1xwBIcalDnbMTAfEUoyQKYYAphtXj8xexaxTgc3YhAPpdDTrg/MxSAZ3oAruKDUeweVYwew9Nq/SA6G+09B9NYCT7i23rjge4MWrSweE0DD8VINRjLU22KPSvGj4dqDsXsYYNYrxoYK/MXGd6PU4obAVjB7MUDg0dzmicGhupNcYXS3Ou3XJ0iCxfio39caJcG11bT5gcYnVT7mPKajd1J291N3rdayyjlPQ0PmL4AV+FDrRr6S9KI7M7Hzrx+YAdqOenae1ulZxGKvpTPe3kxOS80jfFs+uImVJI2bPKGBOOuAfCtLu4b2yhvoSe7kXILDB2ODmpZkHjSukm2RTADoc9uKX6QovynArHOCaA3oZzvTjxo0DRGPmISAaznsHZjtvrmOzsrm6lICRxs2/5CmPMSfM59c6SkcGg6dFA4dRAhyPEnc0jiXZx4UFCFEA9It19lHtBpThgaJyTXRSKDY60D6QpyMAUR84HehRofMO5xXHl8IbG2sFPpzvzt9xPXWmcQ6lpS91byBoc57txlR7qTj2ARjn09+8x4OMZrRNWg1q2+UxoUZWKMp8DRIBwTQYHOOwA1jsYZFLupWgCUUZ3oZb0T1FFSB2DsFZpcUWxUl2iZJwFHVmOBUvEdnESozJ90YH50eKowdrUYPnJ/8AVRcU2THEqFB5ghqt9Ssbv9hcozfZJw3wNY3rj/8A1+x/3B/vevOF9e/VFyYpzm1mI5v3G+1TskqpNEQysAQQcgg0vXOd699dQCPCsYxWxyT4UPyr6LkV0P4ZoEedZpgAM1kHofmCtV1aDT0IJDTEbLn8zV7qd1dvznfcYB2Ue4UzyN9KQ+4bVGDygyLhz1HlvQ5DnFFVzkZFWOt6xp7MI7rvIRjlSXL+/Oa4l1Qau1ncdyY3jjKSDORknIx690biS+0krFnvbXO8THp90+FaVqtpqsHf2reQdD9JD5GjuKvNXsNKhEl7OE68qDd29wrTdQXU7OC9SJo1l5iqtjm5QSMnHnWcnpVxK8EE8kah2VGZVPiQM4qX9IN8JVUaZHgj6QY4oce3hG9hD+LGv8u7vwsIf6zU/wCkK9jx/wAmo2fJjR4+vGH/AEfD/WNHjy7UZGnRH3MaHHd2DvYREfeIrSOJrHVUKh+4nXGYpCMnP2T40WwCXYAYzWr8XWtoxtdPxPck8vN9RDnH41PK9xNJLM5dmYkk0zgeNd5ncHINO5xsTUKlJJHxgHGwoSAlgDuMZ/Gian5CpRtiVOMkbkb7evtJ1OfSryO6hO3R08GTxFanxHa2Gn215GnfNcgGJM4yOpJ64xRN5rmqeLT3UuAMnCg+A8lUVa2otLeC2jI5Yo1jHuUYrcGpH8MVrumnS9SngAxEx54vuN/DpRJAJAyfKh2mW5MpjjtyTnA9tWliqBDeEGQ78g6CgsKABY1H4CnnlmiaCSZ2ibqpY4NCxtu8EiDBjOTg+I3piQKuOd1KqASagXu41TOexwV2IoOACWOAKhljlzyNnHWo7dbi4tYujO4QHy5tqu7aWzuZ7WZcSROVP4evhcyTIkLOWWDKIPIN6R/M1wLowUSazOp5mBjgz5fWajTVIK4s0v5dpxuY1zPbZceZT6wp5ET6RoHIBpeb62M+ykVnYIgyTVrarAmTgsepomg6tkgg0+HQoScHyNLyxgopxhTgZ8M07bVOZGVljIyagQxJylskkk46UGwQaluoy4BON8VzrnDbjyq3H8uzgYBUDFaYM6ppg87iP+2uPNOgT5PqSYWV27px9rbIPr7T2km1MWse5uJxEo9rHAq3gitbeC2iGI4kVFHsUYo01MMisA5U9K1yz/VusXtj9VJfQ8+Rt1/I9hIUFj0FWNtiMyMCGZeoxlRUhmVAI0LMB4g7491G31CXB+TyhSmCApAP8KRPk8AWVCnKMsD1qOaN8cilcjbIxmiQyyFcEgEZq5uljYKSAvixOAKxJvkVibyFYdjycw5qa351AIAPmKNuOpY0qqnRiPxrQSZNU0z0s8s6/lvXH92C1jZK24DSsPfsPX3B8In4r0pGGQJ2k/GNS/8A7UTlgBTHHa2xrjaAf5URNjZrSOQ+8Er2cPaRbSWxu7pAZHJ7sONgB44PXNNA6MBt7NhiuRsH0v8AipWK+JHtzVzb292nJPGHA8+vxq40buwJLUSSeadWGPKnXkjlYxNExHpKwwcg1qP8pyL4E/2VBcD5PCTuQgVvHpQvkeUwIRz4zg1YaDPNILm/HcRYz++34HpX6utVjCpZQFcD6SjPx61Lw1aT5KPNAcbfWT896uOGb6HmKKJlH2Wwfgatbg6XfW8rBo5IpFPI4wfdg1x8QdTs8Bd7UHI6n0j6+4FX/ndp/sa4/wAJqA9MmmO/a/WuPphBrVq+Mk2Sj/jatCjfVb+OHux3SDnlPko/jUXKmBj0RsB4UyLINsU1q3ht7jTWxXfqB50sDeXwpLaSPDOhANXtjDewPA+xI9FxvymtTs5ra7a1lTDoxHvzjBFWyM80kYZgH+jgZzyej+ea0XQ7fT0SWeFTduebmKj0PIYHjRjkYguSR5eNCN+YchH3W2NCWVGCOmM9PbQHMAVI9xq4srO8RUureN8dOYbg/unqK4h4du7lLWWxxILeAQiMn0yqkkY88Zp0eNmR1KspwQRggj17wWnJxjYDz79vjE1DxpuvYakFfpKz+uLLH/Yl/vtX6OYCw1eRzhR3Izj7xNTLFGOfoB+JqOWOQt3MquB9k1kfaor5HNIuJFzgAnoelXJZ44gGBIzkA0B4iuJdKju4BfIpE0YCHA3ZScVoGgCx/wBLuB/pDABR9hf40sSjfG9FfI0AVIbAJFOvOxdgffioHXHIWyR5+INPECwcg5B2xQLKNh/Gta0K11aJnCrHdAejKBufY3mKlieGR4pVKujFWU9QR684OjVuJtMkP0lE2PxiavCm69h6UykijbWr5kubaJ2UbF0DED2ZpTG7SNEiopIPKoC7VcC6l5o1VOXzJbofu4qWyEUaFppI3BJJMfL16geOKt7qWExQgl05cqfMVNfrGscgBZW2/HyJq3u+9jV0HMD5+Hs2rvUOOZMFfLcUoUrUqzSTsj8ncKVZVHUkb71ms4rOfGhuaXbO+DRypyqD4YqOZX8MHxFe0V9I7nHlXGFotvqizJ0uIg5+8PRPrzg3+cen+6X/AA27G60KFXd+1vM0aRBwMb5qbULyUEDEanyFEzZPMSaV5c7M9CMy4aX0h+8d6WCNDzpEpbz8aPpsceAOcjpURZCGRsYwal1eFH5SvKcD6ftqG5M7gpKSC3RSRtSZAycljW/gaB64zQr21k460CaaPO6/SqGUkAHw6il5VJZjtXHUsDy6aiEGQRux+6xGPXnBv849P90v+G1Gm69lyCJX5s06ImCOhzgUMNnBxRCAjLE0mDnC7flWxIJ+GaMZYeA/Gu5AGzANXdIoxk71LAhAPd7jqfKkkhiULsgbYZG5PnmlUctYx0P5Vt9k+zesrjFA+GK6HOKz50HI8KX9q37wq/ma2t7m5Lfsoi4z0yBtVzczXc8lxcOXkc5JPrzg3+cdh7pf8NqNN17LhE5syD0G61OI1kKRphRtvQyeUkAb0FHLkkDeiC+Qg95HSjHyY5j1oDIAFFftE11+ic43NKhYhSdiacRGX5Mpcl8EADy6mo5gjcsrygKSP5MZBPtwKjkWVSQpG+MNgVjPvrHvFBsbkVtnpWAfChgnpTjBD+R/KuJdQWx051RFZ7nMIz4KV3Pr3gezlm1qK6A/koFfmJ83UgDsbr2agnNHHtsGpgncsXyXH1qELNg822NiKKBCTy8zAZoMR404Ei49tAFWI6jFcjYyCPcaCBQSMCsDNRWtzFed/Ncqytlhgee3jV28UVy0cjcpYhgB44IXw9tQTvG3fQyfKg2QuRkjFNq/IYe9RVD9MZJ/PFPrWnQ/t5+TzBRjj4A0mraXMuUvoAM49JgvX34o3loHgQXKFpWwgU5BI91CWNsYdfLrXeBsFCCD5UfEHpXEN9LealMrkckDGFAOgCnGfefXiBS6h25VJGTjOBXDmq6R8ostK0/n6P1THMwUkk9j9eyaVYgvMpIJ6jwqRbaZCMYBHhtSLJGoA3GNs+VGWXr3VZdznGKXvSNiBQVertvTMuMA0EeXPsqZoLSMz3MyoiDJLHAq44osDJzIkjjBVTjGN+tS6jPNJPI4VjICoyMlQW5tqh1LuZoEfHJ3YLDfYlc5299XBjgt53jtzNDNyd6FbeMeBXyNaPYQTQJdATYcjLSbgY+lkDYqag0ayidmMCOr55srkb7ejggrVtb2VmFVI4l5YyQFGCQMnBO5qG2MitOHdRnK4wTUkYVsmNw69VDZBHnUfdCRZDL3bOCNxg7eFXvDFlPHI9vlZSXPPzZ5nbB6HwFTwTW0hiniaNwAeVhg7+vOHLpLLW9OuJGCoJeViegDgrk/Gsg7in7LhRJGQasrpVVkmX63vrFvODyqtSW8MWxdt/KuViSEIPkcUVlHXFCIseooQMjBc9d6uL60sI3N3OseD4+J9grUuJdNlgliijNwSR6Mi4Q/Grm5e6lMsgVdgAqDCqB0AHYzFiWJyTUmo3UqxAsAY15OZRgsvk3nWkTXD3kcIlk7tlKtiUxhU6k9R0pYJv8AqJHUSYJORvgdd6V8Fm71WHMFWM4yfPfFCZsFQ5QNklSM4B2FPEXI7iUc4wr+O1KqxDmcc6855T1AP4+VSa9pltEbsTB8N3bKqHmLeYzgEDHUVrWopqd6biOMogUKOY5Jx4+vdO4m1fTFWKG454V6RyjmUe7xFR/pAvAP5awib7rlf41/nBf/AGUP/O//ADTcfzEHGmJ+Mp/hUFyLmKO6j+hMiyD2FuooSEdDTTO675IqIts2cCp9W0yDIuNQgUjqMgt8Bk1fcY2FuGGno1xL0DMCiD47mrvirWrsFflIhXyhHL+fWmZnJZmJJ6knJ+da3ctm0rRcp7yMxsGGQVarfivUYInjKxsOTlTbHLScUae3dc8Ei4CmRuUHnON8DO1S8XadGc21pNIcD6WFB9nj0p+KB3WYkKSPzEgDPK3gcnrUuq6jN9O9mx9lWKr8BgUWYgKWOB0HgM/0C0niG80pO4CrNb5z3b+BP2T4UeMLQpn5HMG8gwx8aueL9RkHJaxxwL5452+J2q51K/vP9Zu5XH2S3o/Dp/Sj/8QASxEAAgEDAgIHBQQDDAgHAAAAAQIDAAQRBSESMQYQE0FRYXEUIlCBkSAyQqEVUnIWIyQwMzVDU2BiktE0VJOxsrPB0lVzgoOQo+L/2gAIAQMBAT8A/wDkx1G7NjZT3YjD9kvEVJ4cjO+9XPS7WJpWeCZYI+5FRWx82Br91Wu/69/9Uf8A20OlWuBlLXuRnJHZx/8AbWn3sWoWcN3DnhccjzBGxBp3WNGd2CqoJJPIAVfdNnSZ00+2jaNTgPJn3vQAirHprNJcRRXlrGI3YKWjJBXPqT/Yu/1Wx02MvdTqpxkIDlz6CrXpLo10Qq3gRj+GQFPzO1PNFHE0zyKsYGS5O2K6R682qTmC2dhZodhy42H4j9jQekp0lDazwmS3Zy2VPvKTWt9IrrVJHjjdo7TksY2LDxbqs4Dc3VvACB2kirk8gCan6R6LaZjN4HZNuGMFvzG1J0n0NwD7aFJGcMjgj8qTpJojkKt+mfMMo/MVBrGmXUwgt72J5TyUHc1kfaLqv3mA9TRkQbFx9aMsYGTIoHmRVzrelWg/f72MeSniP0XNXfTi2QOtnaO55KzkKtXPSTWbl2c3rxg8liPABVv0i1m3kEgv5XxzWQl1P1qPpzfL/K2cL+mVqPp3Jk9rpykd3DJitM6X2F4ezuh7LJ3cZyh+dKyuodGDKRkEHIPxXpHqj6Vp5lhx20jCNM92e+pZZJ5HlmcvIxyzMcknqMspQRGRygOeHJx18vtDqJ3rJBBBwaWeZDlZnB8mIoajqCjAvrj/AGjUus6shyuo3Hzcmrfpjq8KFJOxmPczpgj/AA4qXphrUgUJJFFjvSMb/wCLNTa/rNxkSahLg8wpCf8ADimllfd5Gb1YmuNzzdvrXHJjHaNjwz1YrHWK2rovrktpNHp87cVtKwVMneNj/wBD8V1vSk1eya2LcEinjjbwYVfaZfadIUu4GTwbmreh6rW0uL2ZYLWJpJG5AVq2kzaTJBFcSIzyR8ZC/h3xihyo9Q+0eogj+JHdR689akhgQcGujN9Lf6VFJO5eVHaNmPM45Z+KyRxzI0cqK6MMFWGQaPRvRGYsdPTPkWA+gNWtjZ2SlLS3SIHnwjnXTls3livcIWP1al7x4ijzo/ZAyaIrnQFHqH2lAJxRwNhXI46hzo0CR1LzFdByTp12vhcH81Hxjp1GM6dLjfEik/Q0vMUaY/ZSmalon+JBwQazk9Q6j4/XqA2pNmroOr+xXrH7hnAHqF3+MdNIO00uOYDeKZT8mGKFeFGh9hTjPUBtRFEY+3yNHqI7x1jeuVDurkSK6K27W+i23FzlLSfJjt8Y1iAXGl30RGcwsw9V3FcC7EGgUFPwuMjmPsqN6IAFJ30BTqevux9oY+z35ocxW5Y+JNWUQhs7WIDHBCi/QY+MSqWjdVxxFSBnlV7aTWV3NaTAdojYPCcjffaliZ+VNE0e5puZ+wvOiaVsYNZBFHlTDf8Aj7O3ku7y3t4wS7yKtAYAHgPjOpO8us3sk6FSZmGD3Y2FSxvbKrRnHvb0ZDcJI7e6qKNh+tW53P20BwDRG1Hng/xBOeoY5GiAOsV0KsjJeXF8w92FOBf2n+NajodhqTCSdCsvLtEOGqToRM0h4b9ODPepzWraTPpFwbZ5QyuoZWH4hXZv3CmQrjNYOM/YQgc676JAJpgDRUj7aqTS2+wJNexs2/3fWvY/dwZRn0prJ/wsDTQyJ95D1dBv9BvP/PH+7450i0X9J24lhA9piB4f7w/VrhaNmSRSGU4IOxBpgGGCNqxw7AVgA01GgNiaXdQQaPIdbLncUVYcx9gDNQxl8dwqOMKMch5bmgg8PrTqgYiMkoORI3og1jyqW0t5QvuFW3yRtXQ8JbJeWpkBdnDqO8gDB+O6roFnqYMmOyuO6RRz/aHfWoadc6ZN2Nwux+44+6w8qOxqO2muHxEmfPuFTxGCV4iQ3DjJHLNYqNAzIrHALDJpNFhEZIuTseWN6Gkxn+lYfIV+iIv65voKGiRPn+EYx41+h4h/TN9BX6GiP9Ow+VHRov61voKutNlt9yOND+Je71pYwSAASSa03oxPNGbu+HYW6qXx+NgBn5VGoVRgYpVOa4SDgggigKmkEoRd/d7zTRMkcchHuvnh+VYrTpXgvraZeQkCt6Nt8e1LT4dStXtpRvzRu9W7jQsJfaZraT3TExVz5isx2sHgka/WpJO0d3bmzEn59SirSf2iBH/ENm9RQ57nFZrNZrgiCB2lAGN/KprlmyIMhB3nmaJZjksTULNbyLNCeCReTDmKk1vUjbywSy8aSoV95RnDbcxSCoHWJw7A7CpSXkd2XBPdR2oqynDKQfA0FLEBRkmpI3iwHXGeVGUwhpO5SGI/Zq1uY7u3huYTlJEDD49rQQahIVUAlV4j4kCtWus4tUO33n9e4UKFLWnT9lPwMfdfb50qM3IUdiRTcxw8vOiwUFicAVLKZW8hyFAeNKVP3SD6UuzA1NkrkgbsN8VGKtWjjmSSUZC71dT+0zGQDAxgVg1JHc3PFcuBkjkNth4CkDA8QOPOp340Rc5IJOauBi3n/ZNdCb6du3098tEi9oh/V33Hx7VsFrmY/gZj8hTu0js7c2JJoUKFedWcntFrDLtlk39RseobnAqWQs2AAwU8vGrkXMaF4LVnYnIUK3LyqePXpiDDpV4I+DBxCwJJq2ge3hhjeJo3CAsrjBB78g0ro6o4cENy3qQDC8RIGQfWoYcqXzv3KBkmhJFXaw+f0pmCqHMbcJ5EjANC9K8hkeBr2k8gBTSO1XR/g9wMc1roPbEJeXjDYkRKfzPx7W34bK+b1H+JsdQHWOVaVKU0xiDuJSo/I1mrGynhW2v5LBpoi4bBGeJM4OBVpJY3MXaWqgKp4SMYKnwIpkj8vpUkajkqnyPhV/ptjqCdne2ySL+E8mU+RGCK1boe9nJHeacZp4lfePOXX08RUjSv2azRNG6Nw4cEEfWrRRt6VcxcNzMo2HFkfOvZ2VO0YHgzjNWlnqF7aiJIQbfKjjIwcDfAqz03RpF7K4V1cbZA3Jq+6PWsWWtLkMCccPeKn0+8hJwgdfFcGponkR0dTuK6E5/R11kn/SDt3fdHx7pBtZ3o/vj/AIx1DrWtIjWSwYcRz7Q23/pFabpiXV3EjkmMHif0FdqEiWCFAqBQoABGMeFQEQFu1BKkj3/D5VI0UigG4XBAG6d31p7aQqTHMC2MEISD64bapJSm7cWRtyxVrqVncSPHHOjOo5Z7sZ28a1LS7fUosSKFkG6yAe8DSxPbSyxS7Mmxq42CSFeI5yR+1vVrpMM0EdxdDjJAYRcZ4Fz61HMFj7OAiPkvLK+mBTXkMcJku0UxjGZEXiHPvFLb6bfB7i3uFIHPDbAeYbcUEKSFJkKeDAH5DBq5QOzo+HFaM1vpyTQFmAllMgz3ZAFAhgCDkH470ojKW975lG+rDqHWtaCP4JKT/XH/AIRVnfmwuF4YWk7QcIVeZbOwqO8McSSajIIuJuSZwo8D41a3NpeK3sl7HNwNhuEhvrgikS5LfyXmMA4FRXSq6pIDG3PPqNq1ONpLGeePedY24XTn8vMVoduttdyNNE6HA7NmUgbDf51Idl49sjIPIEVrtuEBus7qVDDubJ2rTtIVUhu7yMGQ5cI3IZ8R400gU7D6etZiY5ZMeONjVzZQ31tLbds6q4x+HbG47q0yyNpaJDAqsybOMjibzxWsW6xzCcIwWRTjh7nXmNqtLmWFXiUgwyAgmUU/A5yveeXdVrdy2rcyyfiT/LwNI6yKrocqwBB8QfjnSyFG0a6lP307PB9XHUOsGkeZmSGKRhxMAAGIGTtWlaRHp9vbNLE3bRsw4ichm8a1nTb29hht7JYY48gl3kYMSe/hFXWm6ZYorfpa7hvGzxTGB1jz4cg2D471YdI5rAW1sZPaIEPAcnfg3xgsBTdJbNRA0JJVwdj+Fh3Z3ANWpTVIPaYpwiODjhILcY7jXsN1EdpuNXIySOErT3EysUywDHYZO4q1tL67vbs3/AbCF4ngAXLSOACCxPcppgVUnCgeGe6uzMhLNuR+EjcUIyFDcJVs7jABPntRUqNt96cFsZXODnvBHzFPpy30kbvfzK6nIV24lPzNX2lzRPMEU4VAwPMMD6U2/ukUI+GMuQfStIlL28kTc4pCvyO4+OdK/wCYb3/2v+YvUOvReiTatZLdvdGHiYgLwZ2FWPRHSbJ0mcPNIvIu230FCOIAbcuWSTRSLBBjGPA8qns9MuD2d1Y27P8AgPBxDh9cCoOjWhW8vbTWyucliWywGfLkBX6K0iNE4LCHHEMcKKDvtUttF2RiSJDseFQAPSrnpm9swiSzMbqNw+c58xtS65qV9JGVujxvLw8CF8j/AHChF2aRQIwCIvI5JGee/nXACVCoCAfkD6UY1JUuU5HZs5/M0Vxy7zvxUVAbBNGIcW67EVgDmKt7tSFhnUFM7Ejda1TSh2rFOFZO4j7riprdzbAR/wAp3qdzkHmK0GGSP2x3OzOB5ZX450r/AJhvvWL/AJg6h1dHFt7jSbQIkQAAXcD7w3NcTiUpsBgEEd9PxpjKk7gc96JkCsVgJI5ct/rTvKFX3ArEAEO2/wCWRUYkXjfK8Z2L4xsOQpGUMEJLEgHHDxbGodQEzdh7HKkSg8TMuMEHuzQv7fiLRWwVlJI4uZPnWs6W+tQzC7mRe0VZLKZ8Eq39WcY90g86tIRp+r2sF4uHhuQrp4lW7q9raZg6BghO/EQpB/ypWZldSp94cyQPn7u9Is/H77pjmQV5L5HI/OlEjsx7NVXu3OfnTJk7fTO2TUaoEwSOLFSxsXIUZ2zknYU0KnHvHI8KuSDa2rnnGxHPn3gGmuoxbtadjvKTGGX7x4u/5CoYY4I0iiXCKMAfHOlf8w3vrF/zB1Dq6PNPJEFtpMSwksFUkN458DWhXFxecV1NdBmOOEYxjH0xmm4ULgFs8JLEcvU00zLIka8Tsw2AyT8wahUYD3T9ieYV/vEeXlQvbNGBjUuw7ycAVLdKSea7fdByPyrjbOF7uY8cV2ihQGZF7TCLnvY7Yq8lRVS6tf5WOHMSLuXYbDbwOK1CaaW+uZrhMTyycZC7YJOdvSrDWJoXiMs0gjzsIwAGPnhTvVhrFrdqHRmTfGG5knwxQkITHNTQc95Ur+qd6aEvjgbn3cgMUvaYGHGc8s1mTbfPlRBVc5599RqJoJ4Bu5Usm2feFRxNcT2/HJhoy0rFe/J2Hx3phdRRaTJbE/vkzJwjyVgSeodXQuYx3t0iz9lI0XuHGc7jNQQT2uoW8cLrGJmA4UJHHxHBGPKnvrKB3jkUiQNhldirEjY+RoXcbxoIY+BXbg4kYZCnvyTnFSwwzM7NGhcHHFzP1q2Y2soZs8OCGJ3GDU0KPwSDABYnblyAz6VFwZRlkKHC5bu9avHa7kRCnEysGzy5cs0sTxKZBhpCvp6CtcsLu2upLi7ukkaSTO3cT3DyFez3BRpFU9kTg4Peqk/9DVtqN5psvaMRLIrlP33LFCvMA1a9L5WfiuLHEQwZGiJY49Nqs9TsdQRXtpWDHkrYDUtyyTxxHtCWUsGGeEY55NJLGWCyL777Bwd6iZWZxxce5HEOWQeHHrkVHCHjMmcDAKkggHNRSrGyyruVwfmKtYEhV2UHMjlznz7vQfHHJCsVXLYOByya17TdU7G71K+4Oa7Bs8ILAADqHVodnJeTzrFJGrrHsrEgtk91Q/pKznhk4j20THhyeIAd+3nTS22pJ/CIh2hOXAIBDHfG9JHp8DdgtyUKfgZvH1qW7hs4ZWQiUA8WBu2/hvSywy8DyxZiPe4AP+H/ADqa5lCiK0tgY8+6OQFW+nt2qyvxxjPE6h8of8sVcXdrpkYcKz5bA4cAGptUub0dnb23AjrhmG5yfOr7QdU1GZ2bgjSJR2alvvZ57jv2qLSrZLe1g97hhKNz+8yrw+9VzoIktrm6jjd5lucJy99e1MeN+/vzWmS3F5dQJcTJGihxEzw7MwxlGrXJI5A+mm3tu2QhkmU4dQOQBJ5+NW/7pp4opUmkNqjrGsr7DiJ2H941q5uraznsxL2lxFc57QgFmV1xxDh+6uDyNS6sHhmjnaYXM1wskhR+GAoO4pyJq3v9Q1O6Ori4F1BbNn2bIjkwBndBkMozua1PWxeRQ3kWmNb3LRjE7NhXjTuTP3vnUesRrB2uZzJEkQmh4AyKv6wcfrc96R0ccSMGHiPjmvWz3ekX0EalnMfEAOZKENRGKHVpFw1tdh0bhYjA+ucVq+mSXBtrmxdQGhGQzY86J1SxlUntEX6irK/v5WLRW8LY3YuoO4qfVLqFA81kE3X+kwMegWodXspP5QMjd2xbb1p9Ws4QCnv8WfLl60uqRzrLNNGCqleDG5/OrrGpzI8L8aopTgxgiraDsZLZzAhCJjB7jgju50SSST1IixoqIMKBgCotNs4C/ZwgBzxEd3FkniHgau1tIYJZZbSGVse6HTOXOwNQ2ehmykmu9aZJFKFYVXLxysfewuTkDkDQurVGkTSri5e8vN3LOYoI2zj3uMni2Pea0+zitL+5fXrSY3EEcckaRIhyinc5XapF1IfpG17GKzhmd7tUchJCq7YOCeGrqXovJFpsPtNwoZw8oPviIL+Ab5APlQ0+4e8uNGLuummZplaMqfd5Dfny5A1BC0PaAy8YL5X3VXhUAADC/Hb/AKO6XqLNJLBwSnnJGeEn17jT9B7Un96vpV/aUN/lX7hk/wDEj/sf/wBUnQiJWDfpJ9j3Rgf9a07s3sY7eXeS2LQnPP3KMMeAGTY12NrbSiQdkJMHYHc48q1F0EBR1Uu4wRnIGaW1uS2IbV2HiMgfU4qLRricr7ViJAckKeJjUWl2kQA7Pj/bOaACjAGB9rudcD3lI5bjzHgabTbGSONJbdXMaFUY/eGTxE7d9Cz1i3Ooi3Fq8d9lHTdAgGeEjhxyqz0rV4luRJdxKZ4+yZ93cJ5cudafY6nYXtzKs0bq8axB5BxEoTltu40mmafGMLZxerKGP1NBVBLADJ5n+wVxZLM3aJK8Um2WQ7NjxFRLOgAkET45E55+JFNaRyMWmPFk5xyFLDGmCqDPjzP9qP/Z\" data-filename=\"3-min.jpg\" style=\"width: 50%;\"><br></p><p style=\"margin-right: 0px; margin-bottom: 15px; margin-left: 0px; padding: 0px; text-align: justify; color: rgb(0, 0, 0); font-family: &quot;Open Sans&quot;, Arial, sans-serif; font-size: 14px;\">Morbi vitae commodo elit, id commodo velit. In hac habitasse platea dictumst. Proin elementum aliquet turpis, a viverra metus fermentum eget. Proin a mattis sem. Vivamus varius, orci vitae placerat dapibus, leo lorem suscipit nunc, vitae viverra erat risus nec libero. Donec eget risus ac nisi pretium congue. Phasellus nec convallis ligula. Cras sodales auctor quam quis auctor. Integer non elit elementum, laoreet nunc id, volutpat risus. Suspendisse tempus, nisi in porta posuere, magna urna molestie dolor, id faucibus nunc elit a massa. Etiam tempus orci ut velit luctus dictum.</p><p style=\"margin-right: 0px; margin-bottom: 15px; margin-left: 0px; padding: 0px; text-align: justify; color: rgb(0, 0, 0); font-family: &quot;Open Sans&quot;, Arial, sans-serif; font-size: 14px;\">Morbi id sodales neque. Interdum et malesuada fames ac ante ipsum primis in faucibus. Sed sed velit blandit, aliquet mauris quis, rutrum augue. Proin nisi quam, interdum et pharetra at, imperdiet nec dui. Suspendisse nec ultricies ipsum. Donec urna quam, pretium eget erat eu, facilisis volutpat justo. Duis semper rhoncus tristique. Etiam sapien dui, feugiat sed accumsan id, malesuada sed dolor. Aliquam id aliquet felis, eu euismod ipsum. Nam ultricies nunc eget auctor tincidunt.</p><p style=\"margin-right: 0px; margin-bottom: 15px; margin-left: 0px; padding: 0px; text-align: justify; color: rgb(0, 0, 0); font-family: &quot;Open Sans&quot;, Arial, sans-serif; font-size: 14px;\">Nam tempus velit eget imperdiet auctor. Proin tristique mattis cursus. Sed placerat iaculis erat non porta. Nunc non facilisis eros, id tristique sem. Proin at nunc tempus, faucibus erat mollis, viverra felis. Etiam dolor lorem, porta in imperdiet faucibus, suscipit a purus. Etiam non turpis non elit scelerisque dictum. Mauris et velit a nulla euismod auctor. Sed quis lectus hendrerit, luctus quam in, volutpat est.</p><p style=\"margin-right: 0px; margin-bottom: 15px; margin-left: 0px; padding: 0px; text-align: justify; color: rgb(0, 0, 0); font-family: &quot;Open Sans&quot;, Arial, sans-serif; font-size: 14px;\">Donec finibus lacus nec est laoreet scelerisque. Curabitur sed arcu sem. Nunc sollicitudin elit ut ipsum tempus lobortis. Vestibulum ante ipsum primis in faucibus orci luctus et ultrices posuere cubilia curae; Ut in diam et mi hendrerit tincidunt a vitae mauris. Proin luctus neque vitae arcu euismod, nec molestie enim fermentum. Ut vel tempus tortor. Nam nunc turpis, ultricies nec justo eget, fringilla tempus enim. Praesent ipsum sapien, commodo in odio in, posuere blandit justo. Cras interdum diam viverra molestie mollis. In velit purus, luctus vitae justo eu, dapibus aliquet enim. Vestibulum mollis leo ut arcu fringilla, non vehicula ante tempus. Sed aliquet libero leo, ornare convallis nibh pellentesque non. Vestibulum vestibulum sagittis nisi, eu venenatis felis maximus non. Pellentesque imperdiet ex dolor, sed finibus ex pulvinar pharetra. Aliquam est enim, mattis nec interdum sit amet, elementum id nisl.</p>', '1607563709.7169.jpg', 'f512e2e648fe1c7e9a0619506ec7d351', 7, '17,18', '2020-12-10 01:28:29');

-- --------------------------------------------------------

--
-- Table structure for table `tb_bukti_tf`
--

CREATE TABLE `tb_bukti_tf` (
  `kd_transaksi` varchar(11) DEFAULT NULL,
  `img_bukti_tf` text DEFAULT NULL
) ENGINE=InnoDB DEFAULT CHARSET=utf8mb4;

--
-- Dumping data for table `tb_bukti_tf`
--

INSERT INTO `tb_bukti_tf` (`kd_transaksi`, `img_bukti_tf`) VALUES
('TR01.4', '3-min.jpg'),
('TR02.4', '3-min.jpg'),
('TR02.4', '3-min.jpg'),
('TR07.6', 'Screenshot_9.png');

-- --------------------------------------------------------

--
-- Table structure for table `tb_carousel`
--

CREATE TABLE `tb_carousel` (
  `id_carousel` int(4) NOT NULL,
  `img_carousel` text NOT NULL,
  `judul` text NOT NULL,
  `sub_judul` text NOT NULL,
  `deskripsi` text NOT NULL,
  `url` text NOT NULL
) ENGINE=InnoDB DEFAULT CHARSET=utf8mb4;

--
-- Dumping data for table `tb_carousel`
--

INSERT INTO `tb_carousel` (`id_carousel`, `img_carousel`, `judul`, `sub_judul`, `deskripsi`, `url`) VALUES
(1, '1-min.jpg,2-min.jpg,3-min.jpg', 'Jual ternak|Jual Pakan ternak|Jual Olahan Ternak', 'Ternak Pilihan peternak|Pakan ternak pilihan peternak|Jual Olahan ternak', 'test|test|test', 'https://www.google.com/|https://www.google.com/|https://www.google.com/');

-- --------------------------------------------------------

--
-- Table structure for table `tb_kategori`
--

CREATE TABLE `tb_kategori` (
  `id_kategori` int(2) NOT NULL,
  `kategori` varchar(20) NOT NULL
) ENGINE=InnoDB DEFAULT CHARSET=utf8mb4;

--
-- Dumping data for table `tb_kategori`
--

INSERT INTO `tb_kategori` (`id_kategori`, `kategori`) VALUES
(17, 'Adventure'),
(18, 'Comedy');

-- --------------------------------------------------------

--
-- Table structure for table `tb_kategori_img`
--

CREATE TABLE `tb_kategori_img` (
  `id_kategori` int(2) NOT NULL,
  `img_kategori` varchar(50) NOT NULL
) ENGINE=InnoDB DEFAULT CHARSET=utf8mb4;

-- --------------------------------------------------------

--
-- Table structure for table `tb_kontak`
--

CREATE TABLE `tb_kontak` (
  `id_kontak` tinyint(1) NOT NULL,
  `nama` text NOT NULL,
  `icon` varchar(20) NOT NULL
) ENGINE=InnoDB DEFAULT CHARSET=utf8mb4;

-- --------------------------------------------------------

--
-- Table structure for table `tb_kota`
--

CREATE TABLE `tb_kota` (
  `id_kota` int(4) NOT NULL,
  `id_provinsi` int(2) NOT NULL,
  `nama_kota` text NOT NULL
) ENGINE=InnoDB DEFAULT CHARSET=utf8mb4;

--
-- Dumping data for table `tb_kota`
--

INSERT INTO `tb_kota` (`id_kota`, `id_provinsi`, `nama_kota`) VALUES
(1101, 11, 'KABUPATEN SIMEULUE'),
(1102, 11, 'KABUPATEN ACEH SINGKIL'),
(1103, 11, 'KABUPATEN ACEH SELATAN'),
(1104, 11, 'KABUPATEN ACEH TENGGARA'),
(1105, 11, 'KABUPATEN ACEH TIMUR'),
(1106, 11, 'KABUPATEN ACEH TENGAH'),
(1107, 11, 'KABUPATEN ACEH BARAT'),
(1108, 11, 'KABUPATEN ACEH BESAR'),
(1109, 11, 'KABUPATEN PIDIE'),
(1110, 11, 'KABUPATEN BIREUEN'),
(1111, 11, 'KABUPATEN ACEH UTARA'),
(1112, 11, 'KABUPATEN ACEH BARAT DAYA'),
(1113, 11, 'KABUPATEN GAYO LUES'),
(1114, 11, 'KABUPATEN ACEH TAMIANG'),
(1115, 11, 'KABUPATEN NAGAN RAYA'),
(1116, 11, 'KABUPATEN ACEH JAYA'),
(1117, 11, 'KABUPATEN BENER MERIAH'),
(1118, 11, 'KABUPATEN PIDIE JAYA'),
(1171, 11, 'KOTA BANDA ACEH'),
(1172, 11, 'KOTA SABANG'),
(1173, 11, 'KOTA LANGSA'),
(1174, 11, 'KOTA LHOKSEUMAWE'),
(1175, 11, 'KOTA SUBULUSSALAM'),
(1201, 12, 'KABUPATEN NIAS'),
(1202, 12, 'KABUPATEN MANDAILING NATAL'),
(1203, 12, 'KABUPATEN TAPANULI SELATAN'),
(1204, 12, 'KABUPATEN TAPANULI TENGAH'),
(1205, 12, 'KABUPATEN TAPANULI UTARA'),
(1206, 12, 'KABUPATEN TOBA SAMOSIR'),
(1207, 12, 'KABUPATEN LABUHAN BATU'),
(1208, 12, 'KABUPATEN ASAHAN'),
(1209, 12, 'KABUPATEN SIMALUNGUN'),
(1210, 12, 'KABUPATEN DAIRI'),
(1211, 12, 'KABUPATEN KARO'),
(1212, 12, 'KABUPATEN DELI SERDANG'),
(1213, 12, 'KABUPATEN LANGKAT'),
(1214, 12, 'KABUPATEN NIAS SELATAN'),
(1215, 12, 'KABUPATEN HUMBANG HASUNDUTAN'),
(1216, 12, 'KABUPATEN PAKPAK BHARAT'),
(1217, 12, 'KABUPATEN SAMOSIR'),
(1218, 12, 'KABUPATEN SERDANG BEDAGAI'),
(1219, 12, 'KABUPATEN BATU BARA'),
(1220, 12, 'KABUPATEN PADANG LAWAS UTARA'),
(1221, 12, 'KABUPATEN PADANG LAWAS'),
(1222, 12, 'KABUPATEN LABUHAN BATU SELATAN'),
(1223, 12, 'KABUPATEN LABUHAN BATU UTARA'),
(1224, 12, 'KABUPATEN NIAS UTARA'),
(1225, 12, 'KABUPATEN NIAS BARAT'),
(1271, 12, 'KOTA SIBOLGA'),
(1272, 12, 'KOTA TANJUNG BALAI'),
(1273, 12, 'KOTA PEMATANG SIANTAR'),
(1274, 12, 'KOTA TEBING TINGGI'),
(1275, 12, 'KOTA MEDAN'),
(1276, 12, 'KOTA BINJAI'),
(1277, 12, 'KOTA PADANGSIDIMPUAN'),
(1278, 12, 'KOTA GUNUNGSITOLI'),
(1301, 13, 'KABUPATEN KEPULAUAN MENTAWAI'),
(1302, 13, 'KABUPATEN PESISIR SELATAN'),
(1303, 13, 'KABUPATEN SOLOK'),
(1304, 13, 'KABUPATEN SIJUNJUNG'),
(1305, 13, 'KABUPATEN TANAH DATAR'),
(1306, 13, 'KABUPATEN PADANG PARIAMAN'),
(1307, 13, 'KABUPATEN AGAM'),
(1308, 13, 'KABUPATEN LIMA PULUH KOTA'),
(1309, 13, 'KABUPATEN PASAMAN'),
(1310, 13, 'KABUPATEN SOLOK SELATAN'),
(1311, 13, 'KABUPATEN DHARMASRAYA'),
(1312, 13, 'KABUPATEN PASAMAN BARAT'),
(1371, 13, 'KOTA PADANG'),
(1372, 13, 'KOTA SOLOK'),
(1373, 13, 'KOTA SAWAH LUNTO'),
(1374, 13, 'KOTA PADANG PANJANG'),
(1375, 13, 'KOTA BUKITTINGGI'),
(1376, 13, 'KOTA PAYAKUMBUH'),
(1377, 13, 'KOTA PARIAMAN'),
(1401, 14, 'KABUPATEN KUANTAN SINGINGI'),
(1402, 14, 'KABUPATEN INDRAGIRI HULU'),
(1403, 14, 'KABUPATEN INDRAGIRI HILIR'),
(1404, 14, 'KABUPATEN PELALAWAN'),
(1405, 14, 'KABUPATEN S I A K'),
(1406, 14, 'KABUPATEN KAMPAR'),
(1407, 14, 'KABUPATEN ROKAN HULU'),
(1408, 14, 'KABUPATEN BENGKALIS'),
(1409, 14, 'KABUPATEN ROKAN HILIR'),
(1410, 14, 'KABUPATEN KEPULAUAN MERANTI'),
(1471, 14, 'KOTA PEKANBARU'),
(1473, 14, 'KOTA D U M A I'),
(1501, 15, 'KABUPATEN KERINCI'),
(1502, 15, 'KABUPATEN MERANGIN'),
(1503, 15, 'KABUPATEN SAROLANGUN'),
(1504, 15, 'KABUPATEN BATANG HARI'),
(1505, 15, 'KABUPATEN MUARO JAMBI'),
(1506, 15, 'KABUPATEN TANJUNG JABUNG TIMUR'),
(1507, 15, 'KABUPATEN TANJUNG JABUNG BARAT'),
(1508, 15, 'KABUPATEN TEBO'),
(1509, 15, 'KABUPATEN BUNGO'),
(1571, 15, 'KOTA JAMBI'),
(1572, 15, 'KOTA SUNGAI PENUH'),
(1601, 16, 'KABUPATEN OGAN KOMERING ULU'),
(1602, 16, 'KABUPATEN OGAN KOMERING ILIR'),
(1603, 16, 'KABUPATEN MUARA ENIM'),
(1604, 16, 'KABUPATEN LAHAT'),
(1605, 16, 'KABUPATEN MUSI RAWAS'),
(1606, 16, 'KABUPATEN MUSI BANYUASIN'),
(1607, 16, 'KABUPATEN BANYU ASIN'),
(1608, 16, 'KABUPATEN OGAN KOMERING ULU SELATAN'),
(1609, 16, 'KABUPATEN OGAN KOMERING ULU TIMUR'),
(1610, 16, 'KABUPATEN OGAN ILIR'),
(1611, 16, 'KABUPATEN EMPAT LAWANG'),
(1612, 16, 'KABUPATEN PENUKAL ABAB LEMATANG ILIR'),
(1613, 16, 'KABUPATEN MUSI RAWAS UTARA'),
(1671, 16, 'KOTA PALEMBANG'),
(1672, 16, 'KOTA PRABUMULIH'),
(1673, 16, 'KOTA PAGAR ALAM'),
(1674, 16, 'KOTA LUBUKLINGGAU'),
(1701, 17, 'KABUPATEN BENGKULU SELATAN'),
(1702, 17, 'KABUPATEN REJANG LEBONG'),
(1703, 17, 'KABUPATEN BENGKULU UTARA'),
(1704, 17, 'KABUPATEN KAUR'),
(1705, 17, 'KABUPATEN SELUMA'),
(1706, 17, 'KABUPATEN MUKOMUKO'),
(1707, 17, 'KABUPATEN LEBONG'),
(1708, 17, 'KABUPATEN KEPAHIANG'),
(1709, 17, 'KABUPATEN BENGKULU TENGAH'),
(1771, 17, 'KOTA BENGKULU'),
(1801, 18, 'KABUPATEN LAMPUNG BARAT'),
(1802, 18, 'KABUPATEN TANGGAMUS'),
(1803, 18, 'KABUPATEN LAMPUNG SELATAN'),
(1804, 18, 'KABUPATEN LAMPUNG TIMUR'),
(1805, 18, 'KABUPATEN LAMPUNG TENGAH'),
(1806, 18, 'KABUPATEN LAMPUNG UTARA'),
(1807, 18, 'KABUPATEN WAY KANAN'),
(1808, 18, 'KABUPATEN TULANGBAWANG'),
(1809, 18, 'KABUPATEN PESAWARAN'),
(1810, 18, 'KABUPATEN PRINGSEWU'),
(1811, 18, 'KABUPATEN MESUJI'),
(1812, 18, 'KABUPATEN TULANG BAWANG BARAT'),
(1813, 18, 'KABUPATEN PESISIR BARAT'),
(1871, 18, 'KOTA BANDAR LAMPUNG'),
(1872, 18, 'KOTA METRO'),
(1901, 19, 'KABUPATEN BANGKA'),
(1902, 19, 'KABUPATEN BELITUNG'),
(1903, 19, 'KABUPATEN BANGKA BARAT'),
(1904, 19, 'KABUPATEN BANGKA TENGAH'),
(1905, 19, 'KABUPATEN BANGKA SELATAN'),
(1906, 19, 'KABUPATEN BELITUNG TIMUR'),
(1971, 19, 'KOTA PANGKAL PINANG'),
(2101, 21, 'KABUPATEN KARIMUN'),
(2102, 21, 'KABUPATEN BINTAN'),
(2103, 21, 'KABUPATEN NATUNA'),
(2104, 21, 'KABUPATEN LINGGA'),
(2105, 21, 'KABUPATEN KEPULAUAN ANAMBAS'),
(2171, 21, 'KOTA B A T A M'),
(2172, 21, 'KOTA TANJUNG PINANG'),
(3101, 31, 'KABUPATEN KEPULAUAN SERIBU'),
(3171, 31, 'KOTA JAKARTA SELATAN'),
(3172, 31, 'KOTA JAKARTA TIMUR'),
(3173, 31, 'KOTA JAKARTA PUSAT'),
(3174, 31, 'KOTA JAKARTA BARAT'),
(3175, 31, 'KOTA JAKARTA UTARA'),
(3201, 32, 'KABUPATEN BOGOR'),
(3202, 32, 'KABUPATEN SUKABUMI'),
(3203, 32, 'KABUPATEN CIANJUR'),
(3204, 32, 'KABUPATEN BANDUNG'),
(3205, 32, 'KABUPATEN GARUT'),
(3206, 32, 'KABUPATEN TASIKMALAYA'),
(3207, 32, 'KABUPATEN CIAMIS'),
(3208, 32, 'KABUPATEN KUNINGAN'),
(3209, 32, 'KABUPATEN CIREBON'),
(3210, 32, 'KABUPATEN MAJALENGKA'),
(3211, 32, 'KABUPATEN SUMEDANG'),
(3212, 32, 'KABUPATEN INDRAMAYU'),
(3213, 32, 'KABUPATEN SUBANG'),
(3214, 32, 'KABUPATEN PURWAKARTA'),
(3215, 32, 'KABUPATEN KARAWANG'),
(3216, 32, 'KABUPATEN BEKASI'),
(3217, 32, 'KABUPATEN BANDUNG BARAT'),
(3218, 32, 'KABUPATEN PANGANDARAN'),
(3271, 32, 'KOTA BOGOR'),
(3272, 32, 'KOTA SUKABUMI'),
(3273, 32, 'KOTA BANDUNG'),
(3274, 32, 'KOTA CIREBON'),
(3275, 32, 'KOTA BEKASI'),
(3276, 32, 'KOTA DEPOK'),
(3277, 32, 'KOTA CIMAHI'),
(3278, 32, 'KOTA TASIKMALAYA'),
(3279, 32, 'KOTA BANJAR'),
(3301, 33, 'KABUPATEN CILACAP'),
(3302, 33, 'KABUPATEN BANYUMAS'),
(3303, 33, 'KABUPATEN PURBALINGGA'),
(3304, 33, 'KABUPATEN BANJARNEGARA'),
(3305, 33, 'KABUPATEN KEBUMEN'),
(3306, 33, 'KABUPATEN PURWOREJO'),
(3307, 33, 'KABUPATEN WONOSOBO'),
(3308, 33, 'KABUPATEN MAGELANG'),
(3309, 33, 'KABUPATEN BOYOLALI'),
(3310, 33, 'KABUPATEN KLATEN'),
(3311, 33, 'KABUPATEN SUKOHARJO'),
(3312, 33, 'KABUPATEN WONOGIRI'),
(3313, 33, 'KABUPATEN KARANGANYAR'),
(3314, 33, 'KABUPATEN SRAGEN'),
(3315, 33, 'KABUPATEN GROBOGAN'),
(3316, 33, 'KABUPATEN BLORA'),
(3317, 33, 'KABUPATEN REMBANG'),
(3318, 33, 'KABUPATEN PATI'),
(3319, 33, 'KABUPATEN KUDUS'),
(3320, 33, 'KABUPATEN JEPARA'),
(3321, 33, 'KABUPATEN DEMAK'),
(3322, 33, 'KABUPATEN SEMARANG'),
(3323, 33, 'KABUPATEN TEMANGGUNG'),
(3324, 33, 'KABUPATEN KENDAL'),
(3325, 33, 'KABUPATEN BATANG'),
(3326, 33, 'KABUPATEN PEKALONGAN'),
(3327, 33, 'KABUPATEN PEMALANG'),
(3328, 33, 'KABUPATEN TEGAL'),
(3329, 33, 'KABUPATEN BREBES'),
(3371, 33, 'KOTA MAGELANG'),
(3372, 33, 'KOTA SURAKARTA'),
(3373, 33, 'KOTA SALATIGA'),
(3374, 33, 'KOTA SEMARANG'),
(3375, 33, 'KOTA PEKALONGAN'),
(3376, 33, 'KOTA TEGAL'),
(3401, 34, 'KABUPATEN KULON PROGO'),
(3402, 34, 'KABUPATEN BANTUL'),
(3403, 34, 'KABUPATEN GUNUNG KIDUL'),
(3404, 34, 'KABUPATEN SLEMAN'),
(3471, 34, 'KOTA YOGYAKARTA'),
(3501, 35, 'KABUPATEN PACITAN'),
(3502, 35, 'KABUPATEN PONOROGO'),
(3503, 35, 'KABUPATEN TRENGGALEK'),
(3504, 35, 'KABUPATEN TULUNGAGUNG'),
(3505, 35, 'KABUPATEN BLITAR'),
(3506, 35, 'KABUPATEN KEDIRI'),
(3507, 35, 'KABUPATEN MALANG'),
(3508, 35, 'KABUPATEN LUMAJANG'),
(3509, 35, 'KABUPATEN JEMBER'),
(3510, 35, 'KABUPATEN BANYUWANGI'),
(3511, 35, 'KABUPATEN BONDOWOSO'),
(3512, 35, 'KABUPATEN SITUBONDO'),
(3513, 35, 'KABUPATEN PROBOLINGGO'),
(3514, 35, 'KABUPATEN PASURUAN'),
(3515, 35, 'KABUPATEN SIDOARJO'),
(3516, 35, 'KABUPATEN MOJOKERTO'),
(3517, 35, 'KABUPATEN JOMBANG'),
(3518, 35, 'KABUPATEN NGANJUK'),
(3519, 35, 'KABUPATEN MADIUN'),
(3520, 35, 'KABUPATEN MAGETAN'),
(3521, 35, 'KABUPATEN NGAWI'),
(3522, 35, 'KABUPATEN BOJONEGORO'),
(3523, 35, 'KABUPATEN TUBAN'),
(3524, 35, 'KABUPATEN LAMONGAN'),
(3525, 35, 'KABUPATEN GRESIK'),
(3526, 35, 'KABUPATEN BANGKALAN'),
(3527, 35, 'KABUPATEN SAMPANG'),
(3528, 35, 'KABUPATEN PAMEKASAN'),
(3529, 35, 'KABUPATEN SUMENEP'),
(3571, 35, 'KOTA KEDIRI'),
(3572, 35, 'KOTA BLITAR'),
(3573, 35, 'KOTA MALANG'),
(3574, 35, 'KOTA PROBOLINGGO'),
(3575, 35, 'KOTA PASURUAN'),
(3576, 35, 'KOTA MOJOKERTO'),
(3577, 35, 'KOTA MADIUN'),
(3578, 35, 'KOTA SURABAYA'),
(3579, 35, 'KOTA BATU'),
(3601, 36, 'KABUPATEN PANDEGLANG'),
(3602, 36, 'KABUPATEN LEBAK'),
(3603, 36, 'KABUPATEN TANGERANG'),
(3604, 36, 'KABUPATEN SERANG'),
(3671, 36, 'KOTA TANGERANG'),
(3672, 36, 'KOTA CILEGON'),
(3673, 36, 'KOTA SERANG'),
(3674, 36, 'KOTA TANGERANG SELATAN'),
(5101, 51, 'KABUPATEN JEMBRANA'),
(5102, 51, 'KABUPATEN TABANAN'),
(5103, 51, 'KABUPATEN BADUNG'),
(5104, 51, 'KABUPATEN GIANYAR'),
(5105, 51, 'KABUPATEN KLUNGKUNG'),
(5106, 51, 'KABUPATEN BANGLI'),
(5107, 51, 'KABUPATEN KARANG ASEM'),
(5108, 51, 'KABUPATEN BULELENG'),
(5171, 51, 'KOTA DENPASAR'),
(5201, 52, 'KABUPATEN LOMBOK BARAT'),
(5202, 52, 'KABUPATEN LOMBOK TENGAH'),
(5203, 52, 'KABUPATEN LOMBOK TIMUR'),
(5204, 52, 'KABUPATEN SUMBAWA'),
(5205, 52, 'KABUPATEN DOMPU'),
(5206, 52, 'KABUPATEN BIMA'),
(5207, 52, 'KABUPATEN SUMBAWA BARAT'),
(5208, 52, 'KABUPATEN LOMBOK UTARA'),
(5271, 52, 'KOTA MATARAM'),
(5272, 52, 'KOTA BIMA'),
(5301, 53, 'KABUPATEN SUMBA BARAT'),
(5302, 53, 'KABUPATEN SUMBA TIMUR'),
(5303, 53, 'KABUPATEN KUPANG'),
(5304, 53, 'KABUPATEN TIMOR TENGAH SELATAN'),
(5305, 53, 'KABUPATEN TIMOR TENGAH UTARA'),
(5306, 53, 'KABUPATEN BELU'),
(5307, 53, 'KABUPATEN ALOR'),
(5308, 53, 'KABUPATEN LEMBATA'),
(5309, 53, 'KABUPATEN FLORES TIMUR'),
(5310, 53, 'KABUPATEN SIKKA'),
(5311, 53, 'KABUPATEN ENDE'),
(5312, 53, 'KABUPATEN NGADA'),
(5313, 53, 'KABUPATEN MANGGARAI'),
(5314, 53, 'KABUPATEN ROTE NDAO'),
(5315, 53, 'KABUPATEN MANGGARAI BARAT'),
(5316, 53, 'KABUPATEN SUMBA TENGAH'),
(5317, 53, 'KABUPATEN SUMBA BARAT DAYA'),
(5318, 53, 'KABUPATEN NAGEKEO'),
(5319, 53, 'KABUPATEN MANGGARAI TIMUR'),
(5320, 53, 'KABUPATEN SABU RAIJUA'),
(5321, 53, 'KABUPATEN MALAKA'),
(5371, 53, 'KOTA KUPANG'),
(6101, 61, 'KABUPATEN SAMBAS'),
(6102, 61, 'KABUPATEN BENGKAYANG'),
(6103, 61, 'KABUPATEN LANDAK'),
(6104, 61, 'KABUPATEN MEMPAWAH'),
(6105, 61, 'KABUPATEN SANGGAU'),
(6106, 61, 'KABUPATEN KETAPANG'),
(6107, 61, 'KABUPATEN SINTANG'),
(6108, 61, 'KABUPATEN KAPUAS HULU'),
(6109, 61, 'KABUPATEN SEKADAU'),
(6110, 61, 'KABUPATEN MELAWI'),
(6111, 61, 'KABUPATEN KAYONG UTARA'),
(6112, 61, 'KABUPATEN KUBU RAYA'),
(6171, 61, 'KOTA PONTIANAK'),
(6172, 61, 'KOTA SINGKAWANG'),
(6201, 62, 'KABUPATEN KOTAWARINGIN BARAT'),
(6202, 62, 'KABUPATEN KOTAWARINGIN TIMUR'),
(6203, 62, 'KABUPATEN KAPUAS'),
(6204, 62, 'KABUPATEN BARITO SELATAN'),
(6205, 62, 'KABUPATEN BARITO UTARA'),
(6206, 62, 'KABUPATEN SUKAMARA'),
(6207, 62, 'KABUPATEN LAMANDAU'),
(6208, 62, 'KABUPATEN SERUYAN'),
(6209, 62, 'KABUPATEN KATINGAN'),
(6210, 62, 'KABUPATEN PULANG PISAU'),
(6211, 62, 'KABUPATEN GUNUNG MAS'),
(6212, 62, 'KABUPATEN BARITO TIMUR'),
(6213, 62, 'KABUPATEN MURUNG RAYA'),
(6271, 62, 'KOTA PALANGKA RAYA'),
(6301, 63, 'KABUPATEN TANAH LAUT'),
(6302, 63, 'KABUPATEN KOTA BARU'),
(6303, 63, 'KABUPATEN BANJAR'),
(6304, 63, 'KABUPATEN BARITO KUALA'),
(6305, 63, 'KABUPATEN TAPIN'),
(6306, 63, 'KABUPATEN HULU SUNGAI SELATAN'),
(6307, 63, 'KABUPATEN HULU SUNGAI TENGAH'),
(6308, 63, 'KABUPATEN HULU SUNGAI UTARA'),
(6309, 63, 'KABUPATEN TABALONG'),
(6310, 63, 'KABUPATEN TANAH BUMBU'),
(6311, 63, 'KABUPATEN BALANGAN'),
(6371, 63, 'KOTA BANJARMASIN'),
(6372, 63, 'KOTA BANJAR BARU'),
(6401, 64, 'KABUPATEN PASER'),
(6402, 64, 'KABUPATEN KUTAI BARAT'),
(6403, 64, 'KABUPATEN KUTAI KARTANEGARA'),
(6404, 64, 'KABUPATEN KUTAI TIMUR'),
(6405, 64, 'KABUPATEN BERAU'),
(6409, 64, 'KABUPATEN PENAJAM PASER UTARA'),
(6411, 64, 'KABUPATEN MAHAKAM HULU'),
(6471, 64, 'KOTA BALIKPAPAN'),
(6472, 64, 'KOTA SAMARINDA'),
(6474, 64, 'KOTA BONTANG'),
(6501, 65, 'KABUPATEN MALINAU'),
(6502, 65, 'KABUPATEN BULUNGAN'),
(6503, 65, 'KABUPATEN TANA TIDUNG'),
(6504, 65, 'KABUPATEN NUNUKAN'),
(6571, 65, 'KOTA TARAKAN'),
(7101, 71, 'KABUPATEN BOLAANG MONGONDOW'),
(7102, 71, 'KABUPATEN MINAHASA'),
(7103, 71, 'KABUPATEN KEPULAUAN SANGIHE'),
(7104, 71, 'KABUPATEN KEPULAUAN TALAUD'),
(7105, 71, 'KABUPATEN MINAHASA SELATAN'),
(7106, 71, 'KABUPATEN MINAHASA UTARA'),
(7107, 71, 'KABUPATEN BOLAANG MONGONDOW UTARA'),
(7108, 71, 'KABUPATEN SIAU TAGULANDANG BIARO'),
(7109, 71, 'KABUPATEN MINAHASA TENGGARA'),
(7110, 71, 'KABUPATEN BOLAANG MONGONDOW SELATAN'),
(7111, 71, 'KABUPATEN BOLAANG MONGONDOW TIMUR'),
(7171, 71, 'KOTA MANADO'),
(7172, 71, 'KOTA BITUNG'),
(7173, 71, 'KOTA TOMOHON'),
(7174, 71, 'KOTA KOTAMOBAGU'),
(7201, 72, 'KABUPATEN BANGGAI KEPULAUAN'),
(7202, 72, 'KABUPATEN BANGGAI'),
(7203, 72, 'KABUPATEN MOROWALI'),
(7204, 72, 'KABUPATEN POSO'),
(7205, 72, 'KABUPATEN DONGGALA'),
(7206, 72, 'KABUPATEN TOLI-TOLI'),
(7207, 72, 'KABUPATEN BUOL'),
(7208, 72, 'KABUPATEN PARIGI MOUTONG'),
(7209, 72, 'KABUPATEN TOJO UNA-UNA'),
(7210, 72, 'KABUPATEN SIGI'),
(7211, 72, 'KABUPATEN BANGGAI LAUT'),
(7212, 72, 'KABUPATEN MOROWALI UTARA'),
(7271, 72, 'KOTA PALU'),
(7301, 73, 'KABUPATEN KEPULAUAN SELAYAR'),
(7302, 73, 'KABUPATEN BULUKUMBA'),
(7303, 73, 'KABUPATEN BANTAENG'),
(7304, 73, 'KABUPATEN JENEPONTO'),
(7305, 73, 'KABUPATEN TAKALAR'),
(7306, 73, 'KABUPATEN GOWA'),
(7307, 73, 'KABUPATEN SINJAI'),
(7308, 73, 'KABUPATEN MAROS'),
(7309, 73, 'KABUPATEN PANGKAJENE DAN KEPULAUAN'),
(7310, 73, 'KABUPATEN BARRU'),
(7311, 73, 'KABUPATEN BONE'),
(7312, 73, 'KABUPATEN SOPPENG'),
(7313, 73, 'KABUPATEN WAJO'),
(7314, 73, 'KABUPATEN SIDENRENG RAPPANG'),
(7315, 73, 'KABUPATEN PINRANG'),
(7316, 73, 'KABUPATEN ENREKANG'),
(7317, 73, 'KABUPATEN LUWU'),
(7318, 73, 'KABUPATEN TANA TORAJA'),
(7322, 73, 'KABUPATEN LUWU UTARA'),
(7325, 73, 'KABUPATEN LUWU TIMUR'),
(7326, 73, 'KABUPATEN TORAJA UTARA'),
(7371, 73, 'KOTA MAKASSAR'),
(7372, 73, 'KOTA PAREPARE'),
(7373, 73, 'KOTA PALOPO'),
(7401, 74, 'KABUPATEN BUTON'),
(7402, 74, 'KABUPATEN MUNA'),
(7403, 74, 'KABUPATEN KONAWE'),
(7404, 74, 'KABUPATEN KOLAKA'),
(7405, 74, 'KABUPATEN KONAWE SELATAN'),
(7406, 74, 'KABUPATEN BOMBANA'),
(7407, 74, 'KABUPATEN WAKATOBI'),
(7408, 74, 'KABUPATEN KOLAKA UTARA'),
(7409, 74, 'KABUPATEN BUTON UTARA'),
(7410, 74, 'KABUPATEN KONAWE UTARA'),
(7411, 74, 'KABUPATEN KOLAKA TIMUR'),
(7412, 74, 'KABUPATEN KONAWE KEPULAUAN'),
(7413, 74, 'KABUPATEN MUNA BARAT'),
(7414, 74, 'KABUPATEN BUTON TENGAH'),
(7415, 74, 'KABUPATEN BUTON SELATAN'),
(7471, 74, 'KOTA KENDARI'),
(7472, 74, 'KOTA BAUBAU'),
(7501, 75, 'KABUPATEN BOALEMO'),
(7502, 75, 'KABUPATEN GORONTALO'),
(7503, 75, 'KABUPATEN POHUWATO'),
(7504, 75, 'KABUPATEN BONE BOLANGO'),
(7505, 75, 'KABUPATEN GORONTALO UTARA'),
(7571, 75, 'KOTA GORONTALO'),
(7601, 76, 'KABUPATEN MAJENE'),
(7602, 76, 'KABUPATEN POLEWALI MANDAR'),
(7603, 76, 'KABUPATEN MAMASA'),
(7604, 76, 'KABUPATEN MAMUJU'),
(7605, 76, 'KABUPATEN MAMUJU UTARA'),
(7606, 76, 'KABUPATEN MAMUJU TENGAH'),
(8101, 81, 'KABUPATEN MALUKU TENGGARA BARAT'),
(8102, 81, 'KABUPATEN MALUKU TENGGARA'),
(8103, 81, 'KABUPATEN MALUKU TENGAH'),
(8104, 81, 'KABUPATEN BURU'),
(8105, 81, 'KABUPATEN KEPULAUAN ARU'),
(8106, 81, 'KABUPATEN SERAM BAGIAN BARAT'),
(8107, 81, 'KABUPATEN SERAM BAGIAN TIMUR'),
(8108, 81, 'KABUPATEN MALUKU BARAT DAYA'),
(8109, 81, 'KABUPATEN BURU SELATAN'),
(8171, 81, 'KOTA AMBON'),
(8172, 81, 'KOTA TUAL'),
(8201, 82, 'KABUPATEN HALMAHERA BARAT'),
(8202, 82, 'KABUPATEN HALMAHERA TENGAH'),
(8203, 82, 'KABUPATEN KEPULAUAN SULA'),
(8204, 82, 'KABUPATEN HALMAHERA SELATAN'),
(8205, 82, 'KABUPATEN HALMAHERA UTARA'),
(8206, 82, 'KABUPATEN HALMAHERA TIMUR'),
(8207, 82, 'KABUPATEN PULAU MOROTAI'),
(8208, 82, 'KABUPATEN PULAU TALIABU'),
(8271, 82, 'KOTA TERNATE'),
(8272, 82, 'KOTA TIDORE KEPULAUAN'),
(9101, 91, 'KABUPATEN FAKFAK'),
(9102, 91, 'KABUPATEN KAIMANA'),
(9103, 91, 'KABUPATEN TELUK WONDAMA'),
(9104, 91, 'KABUPATEN TELUK BINTUNI'),
(9105, 91, 'KABUPATEN MANOKWARI'),
(9106, 91, 'KABUPATEN SORONG SELATAN'),
(9107, 91, 'KABUPATEN SORONG'),
(9108, 91, 'KABUPATEN RAJA AMPAT'),
(9109, 91, 'KABUPATEN TAMBRAUW'),
(9110, 91, 'KABUPATEN MAYBRAT'),
(9111, 91, 'KABUPATEN MANOKWARI SELATAN'),
(9112, 91, 'KABUPATEN PEGUNUNGAN ARFAK'),
(9171, 91, 'KOTA SORONG'),
(9401, 94, 'KABUPATEN MERAUKE'),
(9402, 94, 'KABUPATEN JAYAWIJAYA'),
(9403, 94, 'KABUPATEN JAYAPURA'),
(9404, 94, 'KABUPATEN NABIRE'),
(9408, 94, 'KABUPATEN KEPULAUAN YAPEN'),
(9409, 94, 'KABUPATEN BIAK NUMFOR'),
(9410, 94, 'KABUPATEN PANIAI'),
(9411, 94, 'KABUPATEN PUNCAK JAYA'),
(9412, 94, 'KABUPATEN MIMIKA'),
(9413, 94, 'KABUPATEN BOVEN DIGOEL'),
(9414, 94, 'KABUPATEN MAPPI'),
(9415, 94, 'KABUPATEN ASMAT'),
(9416, 94, 'KABUPATEN YAHUKIMO'),
(9417, 94, 'KABUPATEN PEGUNUNGAN BINTANG'),
(9418, 94, 'KABUPATEN TOLIKARA'),
(9419, 94, 'KABUPATEN SARMI'),
(9420, 94, 'KABUPATEN KEEROM'),
(9426, 94, 'KABUPATEN WAROPEN'),
(9427, 94, 'KABUPATEN SUPIORI'),
(9428, 94, 'KABUPATEN MAMBERAMO RAYA'),
(9429, 94, 'KABUPATEN NDUGA'),
(9430, 94, 'KABUPATEN LANNY JAYA'),
(9431, 94, 'KABUPATEN MAMBERAMO TENGAH'),
(9432, 94, 'KABUPATEN YALIMO'),
(9433, 94, 'KABUPATEN PUNCAK'),
(9434, 94, 'KABUPATEN DOGIYAI'),
(9435, 94, 'KABUPATEN INTAN JAYA'),
(9436, 94, 'KABUPATEN DEIYAI'),
(9471, 94, 'KOTA JAYAPURA');

-- --------------------------------------------------------

--
-- Table structure for table `tb_peternak`
--

CREATE TABLE `tb_peternak` (
  `id_peternak` int(10) NOT NULL,
  `img_profile` text DEFAULT NULL,
  `nama_lengkap` varchar(35) NOT NULL,
  `email` varchar(50) NOT NULL,
  `password` varchar(60) NOT NULL,
  `no_hp` varchar(13) NOT NULL,
  `alamat` text DEFAULT NULL,
  `no_rek` varchar(50) DEFAULT NULL,
  `id_provinsi` int(2) DEFAULT NULL,
  `id_kota` int(4) DEFAULT NULL,
  `level` enum('1','2') NOT NULL,
  `created_at` timestamp NOT NULL DEFAULT current_timestamp() ON UPDATE current_timestamp()
) ENGINE=InnoDB DEFAULT CHARSET=utf8mb4;

--
-- Dumping data for table `tb_peternak`
--

INSERT INTO `tb_peternak` (`id_peternak`, `img_profile`, `nama_lengkap`, `email`, `password`, `no_hp`, `alamat`, `no_rek`, `id_provinsi`, `id_kota`, `level`, `created_at`) VALUES
(4, NULL, 'Fahrizal Maulinda Mardial', 'reza11.6a@gmail.com', '$2y$10$nYMpMfvmFL5YlsZgVVQPSuf54IGNqTeJHlEwJcJ0VLHnSMwB2GEZW', '085816504185', 'pelita			  					  		', '08123123', 15, 1508, '2', '2020-12-03 05:54:44'),
(5, NULL, 'oong suratno', 'useradmin@gmail.com', '$2y$10$lCBQs1eyA9QhxLZv1hWIbuPV78LS82A4IUmX28Rw80ivbc6ZYX0i6', '085818185302', '			  			pelita			  		', '0123123', 31, 3173, '2', '2020-12-03 06:40:56'),
(6, NULL, 'test', 'test@test.com', '$2y$10$sFvyXzlW2c7SlxR/kd1hCOIJjdRjXILEOqoXiZ55NonW7VPWovAGq', '085816504185', 'pelita', '0823223', 31, 3173, '2', '2020-12-15 09:23:26'),
(7, NULL, 'reza', 'reza@reza.com', '$2y$10$5JY/YUdzK2ao/dt4x3QwgeR5i.rC/5ZfK5scG8I.dTAf24TarsLG2', '085816504185', 'santawi', '', 15, 1508, '1', '2020-12-15 09:23:38'),
(8, NULL, 'a', 'a@a.cm', '$2y$10$L76BZPEV42FZfqA.1qA0quj5phaidCo32SkgfdAawaBbpM1KO8fFq', '0918239123812', NULL, NULL, NULL, NULL, '1', '2021-01-07 22:20:06');

-- --------------------------------------------------------

--
-- Table structure for table `tb_produk`
--

CREATE TABLE `tb_produk` (
  `id_hewan` int(11) NOT NULL,
  `foto_produk` text NOT NULL,
  `nama_produk` varchar(50) NOT NULL,
  `id_jenis_produk` tinyint(3) NOT NULL,
  `jumlah` tinyint(3) NOT NULL,
  `harga` int(8) NOT NULL,
  `id_peternak` int(10) NOT NULL,
  `deskripsi` text NOT NULL,
  `catatan` varchar(200) DEFAULT NULL,
  `id_provinsi` int(2) NOT NULL,
  `id_kota` int(4) NOT NULL,
  `alamat` text NOT NULL,
  `created_at` timestamp NOT NULL DEFAULT current_timestamp() ON UPDATE current_timestamp()
) ENGINE=InnoDB DEFAULT CHARSET=utf8mb4;

--
-- Dumping data for table `tb_produk`
--

INSERT INTO `tb_produk` (`id_hewan`, `foto_produk`, `nama_produk`, `id_jenis_produk`, `jumlah`, `harga`, `id_peternak`, `deskripsi`, `catatan`, `id_provinsi`, `id_kota`, `alamat`, `created_at`) VALUES
(8, 'Screenshot_1.png,Screenshot_2.png,Screenshot_3.png', 'sapi aseli', 4, 10, 90000, 4, 'zxzxc', 'qw', 14, 1406, 'qwqwqasdasdasdsad', '2021-01-09 11:11:02'),
(9, 'Screenshot_4.png,Screenshot_9.png,Screenshot_10.png,Screenshot_11.png,Screenshot_12.png', 'sapi ghana wagyu', 1, 10, 800000, 4, 'qwqw', 'qwqw', 32, 3203, 'qwqw', '2020-12-13 23:27:01'),
(10, 'Screenshot_9.png', 'sapi ghana', 1, 7, 400000, 4, 'qwqw', 'qw', 21, 2105, 'qwqqw', '2020-12-13 23:30:48'),
(11, '1-min.jpg,2-min.jpg,3-min.jpg', 'kambing', 1, 8, 400000, 6, 'test', 'test', 11, 1101, 'pelita', '2020-12-13 23:30:48');

-- --------------------------------------------------------

--
-- Table structure for table `tb_produk_jenis`
--

CREATE TABLE `tb_produk_jenis` (
  `id_jenis_produk` tinyint(3) NOT NULL,
  `nama_jenis_produk` varchar(10) NOT NULL,
  `produk_jenis_img` varchar(50) DEFAULT NULL
) ENGINE=InnoDB DEFAULT CHARSET=utf8mb4;

--
-- Dumping data for table `tb_produk_jenis`
--

INSERT INTO `tb_produk_jenis` (`id_jenis_produk`, `nama_jenis_produk`, `produk_jenis_img`) VALUES
(1, 'kambing', 'Screenshot_90.png'),
(2, 'sapi', 'Screenshot_15.png'),
(4, 'kambing', NULL),
(5, 'sapi', NULL);

-- --------------------------------------------------------

--
-- Table structure for table `tb_provinsi`
--

CREATE TABLE `tb_provinsi` (
  `id_provinsi` int(2) NOT NULL,
  `nama_provinsi` varchar(50) NOT NULL
) ENGINE=InnoDB DEFAULT CHARSET=utf8mb4;

--
-- Dumping data for table `tb_provinsi`
--

INSERT INTO `tb_provinsi` (`id_provinsi`, `nama_provinsi`) VALUES
(11, 'ACEH'),
(12, 'SUMATERA UTARA'),
(13, 'SUMATERA BARAT'),
(14, 'RIAU'),
(15, 'JAMBI'),
(16, 'SUMATERA SELATAN'),
(17, 'BENGKULU'),
(18, 'LAMPUNG'),
(19, 'KEPULAUAN BANGKA BELITUNG'),
(21, 'KEPULAUAN RIAU'),
(31, 'DKI JAKARTA'),
(32, 'JAWA BARAT'),
(33, 'JAWA TENGAH'),
(34, 'DI YOGYAKARTA'),
(35, 'JAWA TIMUR'),
(36, 'BANTEN'),
(51, 'BALI'),
(52, 'NUSA TENGGARA BARAT'),
(53, 'NUSA TENGGARA TIMUR'),
(61, 'KALIMANTAN BARAT'),
(62, 'KALIMANTAN TENGAH'),
(63, 'KALIMANTAN SELATAN'),
(64, 'KALIMANTAN TIMUR'),
(65, 'KALIMANTAN UTARA'),
(71, 'SULAWESI UTARA'),
(72, 'SULAWESI TENGAH'),
(73, 'SULAWESI SELATAN'),
(74, 'SULAWESI TENGGARA'),
(75, 'GORONTALO'),
(76, 'SULAWESI BARAT'),
(81, 'MALUKU'),
(82, 'MALUKU UTARA'),
(91, 'PAPUA BARAT'),
(94, 'PAPUA');

-- --------------------------------------------------------

--
-- Table structure for table `tb_rating`
--

CREATE TABLE `tb_rating` (
  `id_rating` int(11) NOT NULL,
  `kd_tr_peternak` varchar(20) NOT NULL,
  `id_peternak` int(10) NOT NULL,
  `rating` tinyint(1) NOT NULL
) ENGINE=InnoDB DEFAULT CHARSET=utf8mb4;

--
-- Dumping data for table `tb_rating`
--

INSERT INTO `tb_rating` (`id_rating`, `kd_tr_peternak`, `id_peternak`, `rating`) VALUES
(1, 'TR07.6', 7, 5),
(2, 'TR01.4', 7, 4),
(3, 'TR02.4', 7, 3);

-- --------------------------------------------------------

--
-- Table structure for table `tb_transaksi`
--

CREATE TABLE `tb_transaksi` (
  `id_transaksi` int(11) NOT NULL,
  `kd_transaksi` varchar(11) NOT NULL,
  `kd_tr_peternak` varchar(11) NOT NULL,
  `id_hewan` int(11) NOT NULL,
  `id_peternak` int(10) NOT NULL,
  `kurir` varchar(20) DEFAULT NULL,
  `no_resi` varchar(20) DEFAULT NULL,
  `status` enum('1','2','3','4','5','6','99') NOT NULL
) ENGINE=InnoDB DEFAULT CHARSET=utf8mb4;

--
-- Dumping data for table `tb_transaksi`
--

INSERT INTO `tb_transaksi` (`id_transaksi`, `kd_transaksi`, `kd_tr_peternak`, `id_hewan`, `id_peternak`, `kurir`, `no_resi`, `status`) VALUES
(1, 'TR01', 'TR01.4', 7, 7, '', '', '6'),
(2, 'TR02', 'TR02.4', 10, 7, 'jne', 'qwe', '6'),
(3, 'TR03', 'TR03.4', 8, 7, '123123', 'test', '1'),
(4, 'TR04', 'TR04.4', 6, 7, 'rere', 'reza', '1'),
(5, 'TR04', 'TR04.4', 6, 7, 'rere', 'reza', '1'),
(6, 'TR05', 'TR05.4', 6, 7, NULL, NULL, '1'),
(7, 'TR05', 'TR05.4', 6, 7, NULL, NULL, '1'),
(8, 'TR06', 'TR06.4', 6, 7, NULL, NULL, '1'),
(9, 'TR06', 'TR06.4', 6, 7, NULL, NULL, '1'),
(10, 'TR06', 'TR06.4', 7, 7, NULL, NULL, '1'),
(11, 'TR07', 'TR07.6', 11, 7, 'jne', '08123123', '6'),
(12, 'TR07', 'TR07.6', 11, 7, 'jne', '08123123', '6'),
(13, 'TR07', 'TR07.4', 10, 7, NULL, NULL, '1'),
(14, 'TR07', 'TR07.4', 10, 7, NULL, NULL, '1'),
(15, 'TR08', 'TR08.4', 7, 6, NULL, NULL, '1'),
(16, 'TR08', 'TR08.4', 8, 6, NULL, NULL, '1');

-- --------------------------------------------------------

--
-- Table structure for table `tb_users`
--

CREATE TABLE `tb_users` (
  `id_users` int(3) NOT NULL,
  `nama` varchar(35) NOT NULL,
  `username` varchar(10) NOT NULL,
  `password` varchar(60) NOT NULL,
  `id_provinsi` int(2) NOT NULL,
  `id_kota` int(4) NOT NULL,
  `alamat` text NOT NULL,
  `level` enum('1','2','3') NOT NULL,
  `created_at` timestamp NOT NULL DEFAULT current_timestamp() ON UPDATE current_timestamp(),
  `updated_at` timestamp NULL DEFAULT NULL
) ENGINE=InnoDB DEFAULT CHARSET=utf8mb4;

--
-- Dumping data for table `tb_users`
--

INSERT INTO `tb_users` (`id_users`, `nama`, `username`, `password`, `id_provinsi`, `id_kota`, `alamat`, `level`, `created_at`, `updated_at`) VALUES
(7, 'Fahrizal Maulinda Mardial', 'K1D007', '$2y$10$NcWK2guKr1TkUCLJDn7Y9O2YcGHk8xuyQYDCRQVSvKjTT91t9XO6y', 35, 3511, '  pelita', '1', '2020-12-13 12:30:23', '2020-11-14 01:33:12'),
(12, 'Aq', 'K1D009', '$2y$10$Kz7fDugcAF7jDSyfnMsy4eKeb2jwFTVZKo7On9qWdwMgX5l1N.Zf.', 35, 0, 'Bondowoso', '1', '2020-12-13 12:30:26', '0000-00-00 00:00:00'),
(13, 'y', 'K1D010', '$2y$10$uWea8NuxtDBfEKSai1DOweAPAXgnBIgiqG1Yv/cNmoo3HCrL96uX2', 35, 3511, ' bondowoso', '2', '2020-12-13 12:30:29', '2020-11-18 01:05:27');

--
-- Indexes for dumped tables
--

--
-- Indexes for table `tb_about_us`
--
ALTER TABLE `tb_about_us`
  ADD PRIMARY KEY (`id_about`);

--
-- Indexes for table `tb_artikel`
--
ALTER TABLE `tb_artikel`
  ADD PRIMARY KEY (`id_artikel`);

--
-- Indexes for table `tb_carousel`
--
ALTER TABLE `tb_carousel`
  ADD PRIMARY KEY (`id_carousel`);

--
-- Indexes for table `tb_kategori`
--
ALTER TABLE `tb_kategori`
  ADD PRIMARY KEY (`id_kategori`);

--
-- Indexes for table `tb_kontak`
--
ALTER TABLE `tb_kontak`
  ADD PRIMARY KEY (`id_kontak`);

--
-- Indexes for table `tb_kota`
--
ALTER TABLE `tb_kota`
  ADD PRIMARY KEY (`id_kota`);

--
-- Indexes for table `tb_peternak`
--
ALTER TABLE `tb_peternak`
  ADD PRIMARY KEY (`id_peternak`);

--
-- Indexes for table `tb_produk`
--
ALTER TABLE `tb_produk`
  ADD PRIMARY KEY (`id_hewan`);

--
-- Indexes for table `tb_produk_jenis`
--
ALTER TABLE `tb_produk_jenis`
  ADD PRIMARY KEY (`id_jenis_produk`);

--
-- Indexes for table `tb_provinsi`
--
ALTER TABLE `tb_provinsi`
  ADD PRIMARY KEY (`id_provinsi`);

--
-- Indexes for table `tb_rating`
--
ALTER TABLE `tb_rating`
  ADD PRIMARY KEY (`id_rating`);

--
-- Indexes for table `tb_transaksi`
--
ALTER TABLE `tb_transaksi`
  ADD PRIMARY KEY (`id_transaksi`);

--
-- Indexes for table `tb_users`
--
ALTER TABLE `tb_users`
  ADD PRIMARY KEY (`id_users`);

--
-- AUTO_INCREMENT for dumped tables
--

--
-- AUTO_INCREMENT for table `tb_about_us`
--
ALTER TABLE `tb_about_us`
  MODIFY `id_about` tinyint(1) NOT NULL AUTO_INCREMENT, AUTO_INCREMENT=2;

--
-- AUTO_INCREMENT for table `tb_artikel`
--
ALTER TABLE `tb_artikel`
  MODIFY `id_artikel` int(11) NOT NULL AUTO_INCREMENT, AUTO_INCREMENT=20;

--
-- AUTO_INCREMENT for table `tb_carousel`
--
ALTER TABLE `tb_carousel`
  MODIFY `id_carousel` int(4) NOT NULL AUTO_INCREMENT, AUTO_INCREMENT=2;

--
-- AUTO_INCREMENT for table `tb_kategori`
--
ALTER TABLE `tb_kategori`
  MODIFY `id_kategori` int(2) NOT NULL AUTO_INCREMENT, AUTO_INCREMENT=19;

--
-- AUTO_INCREMENT for table `tb_kontak`
--
ALTER TABLE `tb_kontak`
  MODIFY `id_kontak` tinyint(1) NOT NULL AUTO_INCREMENT;

--
-- AUTO_INCREMENT for table `tb_peternak`
--
ALTER TABLE `tb_peternak`
  MODIFY `id_peternak` int(10) NOT NULL AUTO_INCREMENT, AUTO_INCREMENT=9;

--
-- AUTO_INCREMENT for table `tb_produk`
--
ALTER TABLE `tb_produk`
  MODIFY `id_hewan` int(11) NOT NULL AUTO_INCREMENT, AUTO_INCREMENT=12;

--
-- AUTO_INCREMENT for table `tb_produk_jenis`
--
ALTER TABLE `tb_produk_jenis`
  MODIFY `id_jenis_produk` tinyint(3) NOT NULL AUTO_INCREMENT, AUTO_INCREMENT=6;

--
-- AUTO_INCREMENT for table `tb_rating`
--
ALTER TABLE `tb_rating`
  MODIFY `id_rating` int(11) NOT NULL AUTO_INCREMENT, AUTO_INCREMENT=4;

--
-- AUTO_INCREMENT for table `tb_transaksi`
--
ALTER TABLE `tb_transaksi`
  MODIFY `id_transaksi` int(11) NOT NULL AUTO_INCREMENT, AUTO_INCREMENT=17;

--
-- AUTO_INCREMENT for table `tb_users`
--
ALTER TABLE `tb_users`
  MODIFY `id_users` int(3) NOT NULL AUTO_INCREMENT, AUTO_INCREMENT=14;
COMMIT;

/*!40101 SET CHARACTER_SET_CLIENT=@OLD_CHARACTER_SET_CLIENT */;
/*!40101 SET CHARACTER_SET_RESULTS=@OLD_CHARACTER_SET_RESULTS */;
/*!40101 SET COLLATION_CONNECTION=@OLD_COLLATION_CONNECTION */;
